,법정동명,지하철역,버스정류소,서점,골프연습장업,목욕장업,세탁업,영화상영관,제과점영업,체력단련장업,구분없음,대규모점포,대형마트,백화점,복합쇼핑몰,쇼핑센터,시장,병원,약국,의원,치안센터,경찰서,119안전센터,공원수,노래방수,당구장,도서관,박물관미술관,우체국,음식점수,카페수,패스트푸드,경양식,분식,일식,중국식,한식,의료,생활편의시설,교통,쇼핑시설,장보기시설,생활복지시설,여가
0,청운동,0,7,2,0,0,0,0,0,0,0,0,0,0,0,0,0,0,0,0,0,0,0,0,0,0,1,0,0,16,8,0,1,0,0,1,8,0,0,7,2,0,1,0
1,신교동,0,0,0,0,0,2,0,1,0,0,0,0,0,0,0,0,0,0,1,0,0,1,0,0,1,0,0,0,10,1,0,3,2,1,1,3,1,2,0,0,1,1,1
2,궁정동,0,1,0,0,0,0,0,0,0,0,0,0,0,0,0,0,0,0,0,0,1,0,0,0,0,0,0,0,4,1,0,1,0,0,1,0,0,0,1,0,0,1,0
3,효자동,0,2,1,0,0,0,0,1,0,0,0,0,0,0,0,0,0,0,0,0,0,0,0,0,0,0,0,0,16,5,0,3,0,0,1,5,0,0,2,1,1,0,0
4,창성동,0,2,2,0,0,0,0,0,0,0,0,0,0,0,0,0,0,1,3,0,0,0,0,0,0,0,0,0,23,3,0,5,2,0,0,9,4,0,2,2,0,0,0
5,통의동,0,4,3,0,0,0,0,3,1,0,0,0,0,0,0,0,0,0,1,0,1,0,0,3,0,0,1,1,75,8,0,14,7,4,1,22,1,0,4,3,3,2,5
6,적선동,1,0,0,0,1,0,0,0,1,0,0,0,0,0,0,0,0,3,9,0,0,0,0,1,0,0,0,0,81,14,2,7,11,6,4,33,12,1,1,0,0,0,2
7,통인동,0,3,2,0,2,0,0,2,0,0,0,0,0,0,0,0,0,1,0,0,0,0,0,1,0,0,0,0,86,3,1,17,5,3,1,30,1,2,3,2,2,0,1
8,누상동,0,1,1,0,0,0,0,0,0,0,0,0,0,0,0,0,0,0,0,0,0,0,0,0,0,0,0,0,19,1,0,8,0,1,0,6,0,0,1,1,0,0,0
9,누하동,0,3,0,0,0,0,0,2,0,0,0,0,0,0,0,0,0,1,2,0,0,0,0,0,0,0,0,0,55,8,0,7,2,3,3,12,3,0,3,0,2,0,0
10,옥인동,0,2,3,0,0,1,0,1,0,0,0,0,0,0,0,0,0,2,1,0,1,0,1,0,0,0,1,1,30,6,0,10,2,0,0,7,3,1,2,3,1,2,2
11,체부동,0,0,1,0,0,0,0,4,0,0,0,0,0,0,0,0,0,0,2,0,0,0,0,1,2,0,0,0,92,10,0,13,10,4,2,37,2,0,0,1,4,0,3
12,필운동,0,0,3,0,0,1,0,1,0,0,0,0,0,0,0,0,0,0,0,0,0,0,0,1,0,0,0,0,77,3,3,9,11,2,0,36,0,1,0,3,1,0,1
13,내자동,0,4,0,0,0,1,0,1,2,0,0,0,0,0,0,0,1,4,6,0,0,0,0,2,0,0,0,0,95,3,1,12,9,1,0,49,11,1,4,0,1,0,4
14,사직동,0,10,0,2,1,1,0,0,2,0,0,0,0,0,0,0,0,1,0,0,1,0,1,0,0,2,0,0,44,10,0,9,2,1,1,24,1,2,10,0,0,3,5
15,도렴동,0,0,0,0,0,0,0,0,0,0,0,0,0,0,0,0,0,0,2,0,0,0,0,0,0,0,0,0,61,6,1,9,14,3,1,21,2,0,0,0,0,0,0
16,당주동,0,0,2,0,0,2,0,3,1,0,0,0,0,0,0,0,0,2,11,0,0,0,0,1,2,0,0,0,159,14,0,19,20,18,5,58,13,2,0,2,3,0,4
17,내수동,0,0,0,1,1,4,0,4,7,0,0,0,0,0,0,0,0,0,6,0,0,0,2,0,1,0,0,0,142,8,0,24,13,5,6,55,6,5,0,0,4,0,11
18,세종로,1,15,1,0,0,0,0,1,0,0,0,0,0,0,0,0,0,1,4,0,0,0,0,0,0,0,3,3,26,12,1,7,7,1,2,5,5,0,16,1,1,3,3
19,신문로1가,0,5,0,0,0,0,2,0,2,0,0,1,0,0,0,0,0,3,18,0,1,0,2,0,0,0,1,1,102,12,1,17,9,6,6,37,21,0,5,0,1,2,7
20,신문로2가,0,3,0,0,0,0,2,1,2,0,0,0,0,0,0,0,1,0,1,0,0,0,1,0,0,0,2,2,102,8,0,23,10,5,3,36,2,0,3,0,1,2,7
21,청진동,0,0,1,0,0,0,0,2,0,0,0,0,0,0,0,0,0,5,13,0,0,0,1,0,2,0,0,0,196,25,2,28,11,11,8,96,18,0,0,1,2,0,3
22,서린동,0,1,1,0,0,0,0,0,1,0,0,1,0,0,0,0,0,1,4,0,0,0,1,0,0,0,1,1,43,13,1,4,6,7,1,12,5,0,1,1,1,1,3
23,수송동,0,0,0,0,0,1,0,1,0,0,0,0,0,0,0,0,0,2,6,0,1,0,1,0,2,0,2,2,121,12,0,17,6,12,4,52,8,1,0,0,1,3,5
24,중학동,0,1,0,0,0,1,0,0,0,0,0,0,0,0,0,0,0,0,0,0,0,0,0,0,0,0,0,0,30,4,0,6,4,2,0,11,0,1,1,0,0,0,0
25,종로1가,1,4,0,0,0,1,0,3,2,0,0,0,0,1,0,0,0,5,14,0,0,0,0,0,0,0,0,0,98,16,1,11,9,11,5,37,19,1,5,1,3,0,2
26,공평동,0,2,1,0,0,0,0,0,1,0,0,0,0,0,0,0,0,0,2,0,0,0,0,0,0,0,0,0,53,12,0,4,5,3,5,19,2,0,2,1,0,0,1
27,관훈동,0,1,2,0,1,0,0,0,0,0,0,0,0,0,0,0,0,1,0,0,0,0,0,1,1,0,2,2,199,31,0,6,15,1,1,154,1,1,1,2,0,2,4
28,견지동,0,5,0,0,0,0,0,2,1,0,0,0,0,0,0,0,0,1,5,0,0,0,0,0,1,0,1,1,34,9,1,1,5,0,1,24,6,0,5,0,2,1,3
29,와룡동,0,5,0,0,0,0,0,0,0,0,0,0,0,0,0,0,0,0,3,0,0,0,1,0,0,0,2,2,21,10,1,2,0,1,0,12,3,0,5,0,0,2,3
30,권농동,0,1,0,0,0,2,0,1,0,0,0,0,0,0,0,0,0,0,0,0,0,0,0,0,0,0,1,1,30,0,0,4,1,1,0,5,0,2,1,0,1,1,1
31,운니동,0,4,0,0,1,1,0,0,0,0,0,0,0,0,0,0,0,0,0,0,0,1,0,0,1,0,0,0,34,4,0,6,4,0,0,13,0,2,4,0,0,1,1
32,익선동,0,0,0,0,0,1,0,1,0,0,0,0,0,0,0,0,0,0,0,0,0,0,0,0,0,0,0,0,151,7,2,38,6,5,2,43,0,1,0,0,1,0,0
33,경운동,0,7,1,1,0,0,0,0,0,0,0,0,0,0,0,0,0,2,6,0,0,0,0,0,2,0,0,0,22,4,0,0,2,0,0,18,8,0,7,1,0,0,3
34,관철동,0,5,0,2,0,0,0,1,1,0,0,0,0,0,0,0,0,3,9,0,1,0,0,18,7,0,0,0,368,18,1,46,31,19,16,138,12,0,5,0,1,1,28
35,인사동,0,2,0,0,1,2,0,0,0,0,0,0,0,0,0,0,0,0,3,0,0,0,1,1,0,0,0,0,161,7,0,15,18,4,2,91,3,3,2,0,0,0,2
36,낙원동,0,1,0,0,3,2,2,4,1,0,2,0,0,0,0,0,0,2,4,0,0,0,0,2,7,0,1,1,229,6,0,19,14,8,4,112,6,5,1,0,6,1,13
37,종로2가,0,6,1,0,0,0,0,2,0,0,0,0,0,0,0,0,0,4,13,0,1,0,1,1,1,0,0,0,59,23,4,20,4,4,2,15,17,0,6,1,2,1,3
38,팔판동,0,2,0,0,0,0,0,0,0,0,0,0,0,0,0,0,0,0,0,0,0,0,0,0,0,0,0,0,34,5,1,12,1,0,0,5,0,0,2,0,0,0,0
39,삼청동,0,7,1,0,0,0,0,1,2,0,0,0,0,0,0,0,0,0,0,0,0,0,1,1,0,0,2,2,100,23,0,34,3,2,2,33,0,0,7,1,1,2,6
40,안국동,1,2,0,0,0,0,0,0,0,0,0,0,0,0,0,0,0,1,5,0,0,0,0,0,0,0,1,1,37,13,0,9,3,1,0,13,6,0,3,0,0,1,1
41,소격동,0,1,0,0,0,1,0,1,1,0,0,0,0,0,0,0,0,1,2,0,1,0,0,0,0,0,1,1,44,8,0,15,4,2,1,10,3,1,1,0,1,2,2
42,화동,0,1,0,0,1,0,0,1,0,0,0,0,0,0,0,0,0,0,0,0,0,0,0,0,0,0,1,1,31,6,0,5,5,1,1,6,0,1,1,0,1,1,1
43,사간동,0,0,1,0,0,0,0,0,0,0,0,0,0,0,0,0,0,0,0,0,0,0,0,0,0,0,1,1,21,4,0,5,0,1,0,6,0,0,0,1,0,1,1
44,송현동,0,1,0,0,0,0,0,0,0,0,0,0,0,0,0,0,0,0,0,0,0,0,0,0,0,0,0,0,0,1,0,0,0,0,0,0,0,0,1,0,0,0,0
45,가회동,0,8,0,0,0,0,0,1,0,0,0,0,0,0,0,0,0,0,1,0,0,0,0,0,0,1,4,4,24,13,0,3,5,0,0,6,1,0,8,0,1,5,4
46,재동,0,4,1,0,0,1,0,2,0,0,0,0,0,0,0,0,0,0,2,0,0,0,0,3,1,0,0,0,74,11,0,11,5,2,1,33,2,1,4,1,2,0,4
47,계동,0,6,1,0,0,1,0,8,0,0,0,0,0,0,0,0,0,1,2,0,0,0,0,0,1,0,0,0,73,32,0,10,10,3,2,20,3,1,6,1,8,0,1
48,원서동,0,3,0,0,0,1,0,0,1,0,0,0,0,0,0,0,0,0,0,0,0,0,1,0,0,0,2,2,29,6,0,11,1,2,0,7,0,1,3,0,0,2,4
49,훈정동,0,0,0,0,0,0,0,0,0,0,0,0,0,0,0,0,0,0,0,0,0,0,0,0,0,0,0,0,0,0,0,0,0,0,0,0,0,0,0,0,0,0,0
50,묘동,1,1,0,0,0,0,0,3,0,0,0,0,0,0,0,0,0,2,2,1,0,1,0,2,1,0,0,0,72,8,3,11,10,7,1,31,4,0,2,0,3,2,3
51,봉익동,0,0,0,0,0,1,0,0,0,0,0,0,0,0,0,0,0,1,0,0,0,0,0,0,0,0,0,0,43,4,0,4,11,0,1,16,1,1,0,0,0,0,0
52,돈의동,1,0,0,0,0,1,6,0,0,0,0,0,0,0,0,0,0,1,1,0,0,0,0,0,0,0,0,0,126,5,0,3,12,3,1,67,2,1,1,0,0,0,6
53,장사동,0,1,1,0,1,0,0,0,0,0,0,0,0,0,0,0,0,0,0,0,0,0,0,0,2,0,0,0,25,1,0,1,5,0,1,13,0,1,1,1,0,0,2
54,관수동,0,1,1,0,1,0,0,2,0,0,0,0,0,0,0,0,0,0,3,0,0,0,0,2,1,0,0,0,106,9,1,5,12,9,1,55,3,1,1,1,2,0,3
55,종로3가,1,7,0,0,0,0,0,3,1,0,0,0,0,0,0,0,0,6,15,0,0,0,0,1,2,0,0,0,68,7,4,3,10,2,0,41,21,0,8,0,3,0,4
56,인의동,0,2,0,1,1,2,0,1,0,0,2,0,0,0,0,0,0,0,4,0,0,0,0,0,1,0,0,0,71,9,1,7,12,2,1,40,4,3,2,0,3,0,2
57,예지동,0,3,0,0,0,0,0,1,0,0,0,0,0,1,0,1,0,0,0,0,0,0,0,0,0,0,0,0,25,2,0,1,4,1,1,15,0,0,3,1,2,0,0
58,원남동,0,4,0,1,1,0,0,2,2,0,0,0,0,0,0,0,0,5,0,0,0,0,0,0,0,0,0,0,39,8,1,6,4,1,1,16,5,1,4,0,2,0,3
59,연지동,0,1,0,0,0,0,0,0,0,0,0,0,0,0,0,0,0,0,2,0,0,0,1,0,2,0,0,0,59,13,0,3,4,5,0,36,2,0,1,0,0,0,3
60,종로4가,0,6,0,0,0,0,0,0,0,0,0,0,0,0,0,0,0,12,9,0,0,0,0,0,1,0,0,0,41,6,0,1,3,0,3,30,21,0,6,0,0,0,1
61,효제동,0,3,0,0,0,0,0,1,0,0,0,0,0,0,0,0,0,0,6,0,0,0,0,0,2,0,0,0,102,6,0,3,5,2,1,58,6,0,3,0,1,0,2
62,종로5가,1,7,1,0,0,0,0,1,0,0,0,0,0,0,0,0,0,27,31,0,1,0,0,2,8,0,0,0,225,13,0,10,20,4,1,151,58,0,8,1,1,1,10
63,종로6가,1,4,9,0,0,1,0,2,0,0,3,0,0,0,0,0,0,5,20,0,1,0,1,1,2,0,0,0,93,13,1,9,20,3,3,44,25,1,5,9,5,1,4
64,이화동,0,2,0,0,1,0,0,1,1,0,0,0,0,0,0,0,0,0,0,0,0,0,0,1,0,0,0,0,55,6,1,8,5,3,0,18,0,1,2,0,1,0,2
65,연건동,0,15,0,1,0,2,0,6,2,0,0,0,0,0,0,0,2,9,1,0,0,1,0,0,1,0,2,2,70,21,3,7,11,1,3,32,12,2,15,0,6,3,6
66,충신동,0,3,4,0,0,2,0,1,0,0,0,0,0,0,0,0,0,1,1,0,0,0,0,1,0,0,1,1,30,1,0,1,2,2,0,19,2,2,3,4,1,1,2
67,동숭동,0,2,2,0,0,0,0,3,0,0,0,0,0,0,0,0,0,2,6,0,1,0,1,4,1,0,3,3,254,32,3,65,23,11,8,67,8,0,2,2,3,4,9
68,혜화동,0,11,5,0,0,3,0,1,2,0,0,0,0,0,0,0,0,4,11,0,2,0,0,0,0,0,1,1,100,17,3,26,13,2,4,30,15,3,11,5,1,3,3
69,명륜1가,0,5,0,0,1,3,0,0,0,0,0,0,0,0,0,0,0,1,5,0,1,0,0,0,2,0,1,1,49,4,0,8,5,1,4,15,6,4,5,0,0,2,3
70,명륜2가,0,5,2,0,1,2,8,0,2,0,0,0,0,0,0,0,0,1,6,0,0,0,0,7,4,0,1,1,184,18,4,29,25,8,4,62,7,3,5,2,0,1,22
71,명륜4가,1,2,1,0,0,1,0,4,1,0,0,0,0,0,0,0,0,8,2,0,0,0,0,6,1,0,0,0,226,13,3,51,29,14,2,74,10,1,3,1,4,0,8
72,명륜3가,0,10,0,0,0,1,0,1,0,0,0,0,0,0,0,0,0,0,1,0,0,0,1,2,1,1,1,1,112,12,1,14,24,2,2,42,1,1,10,0,1,2,5
73,창신동,2,15,1,1,3,7,0,7,3,0,2,0,0,0,0,1,0,11,36,0,2,0,0,7,11,0,0,0,441,29,5,28,61,10,20,183,47,10,17,1,10,2,22
74,숭인동,2,18,4,2,3,8,0,5,5,1,1,0,0,0,0,1,1,7,14,0,1,1,2,11,6,1,0,0,316,18,5,19,30,11,9,170,22,11,20,4,8,3,26
75,교남동,0,4,0,0,0,0,0,1,2,0,0,0,0,0,0,0,0,2,1,0,0,0,0,1,0,0,0,0,39,3,1,2,5,2,1,25,3,0,4,0,1,0,3
76,평동,1,6,0,0,0,0,0,2,0,0,0,0,0,0,0,0,1,10,5,0,0,0,0,0,1,1,0,0,35,14,0,5,2,2,3,12,16,0,7,0,2,1,1
77,송월동,0,1,0,0,0,0,0,0,0,0,0,0,0,0,0,0,0,0,0,0,0,0,3,0,0,0,0,0,5,0,0,1,0,0,0,1,0,0,1,0,0,0,3
78,홍파동,0,1,0,0,0,1,0,0,0,0,0,0,0,0,0,0,0,2,2,0,0,0,0,0,0,0,0,0,17,1,0,2,1,0,1,5,4,1,1,0,0,0,0
79,교북동,0,6,0,0,0,0,0,3,0,0,0,0,0,0,0,0,0,1,2,0,1,0,0,0,0,0,0,0,29,3,0,6,3,1,0,11,3,0,6,0,3,1,0
80,행촌동,0,4,0,0,0,1,0,0,0,0,0,0,0,0,0,0,0,0,1,0,0,0,1,1,0,0,0,0,22,0,0,1,4,0,0,9,1,1,4,0,0,0,2
81,구기동,0,18,0,1,1,3,0,1,1,0,0,0,0,0,0,0,0,2,3,1,0,0,0,2,2,0,1,1,50,6,1,4,7,2,0,21,5,4,18,0,1,2,7
82,평창동,0,36,1,4,0,5,0,3,4,0,0,0,0,0,0,0,1,3,5,0,0,0,3,0,1,0,5,5,77,28,1,14,7,3,3,34,9,5,36,1,3,5,17
83,부암동,0,9,1,0,1,2,0,3,1,0,0,0,0,0,0,0,0,0,2,0,0,0,1,0,0,0,3,3,65,13,2,22,1,2,1,16,2,3,9,1,3,3,5
84,홍지동,0,19,1,0,0,1,0,3,0,0,0,0,0,0,0,0,0,0,1,0,1,0,0,0,0,0,2,2,42,9,1,11,7,2,1,11,1,1,19,1,3,3,2
85,신영동,0,6,0,2,0,2,0,1,1,0,0,0,0,0,0,0,0,1,1,0,0,1,0,1,0,0,0,0,28,7,0,3,6,1,1,9,2,2,6,0,1,1,4
86,무악동,0,5,0,1,0,3,0,3,0,0,0,1,0,0,0,0,1,5,3,0,0,0,1,1,0,0,0,0,49,10,3,2,7,1,2,22,9,3,5,0,4,0,3
87,무교동,0,0,0,2,1,0,0,0,2,0,0,0,0,0,0,0,0,4,14,0,0,0,1,0,2,0,0,0,65,7,1,10,8,6,2,24,18,1,0,0,0,0,7
88,다동,0,0,0,0,0,1,0,3,3,0,0,0,0,0,0,0,0,2,5,0,1,0,1,0,4,0,0,0,163,23,3,13,18,10,2,88,7,1,0,0,3,1,8
89,태평로1가,0,5,1,2,3,0,0,2,3,0,0,0,0,0,0,0,0,0,4,0,1,0,1,0,3,0,1,1,68,18,0,13,6,7,5,21,4,3,5,1,2,2,10
90,을지로1가,1,4,0,0,0,0,0,4,0,0,0,0,0,0,0,0,0,1,4,0,0,0,0,0,2,0,1,1,45,19,1,7,4,4,1,16,5,0,5,0,4,1,3
91,을지로2가,0,3,0,0,1,0,0,3,1,0,0,0,0,0,0,0,0,5,18,0,0,0,2,0,7,0,0,0,159,33,1,10,14,11,5,74,23,1,3,0,3,0,10
92,남대문로1가,0,2,0,0,0,0,0,0,0,0,0,0,0,0,0,0,0,0,0,0,0,0,0,0,0,0,0,0,9,2,0,1,3,2,1,2,0,0,2,0,0,0,0
93,삼각동,0,1,0,0,0,0,0,0,0,0,0,0,0,0,0,0,0,1,3,0,0,0,1,0,0,0,0,0,7,3,0,0,0,1,0,4,4,0,1,0,0,0,1
94,수하동,0,0,0,1,1,0,0,0,1,0,0,0,0,0,0,0,0,0,2,0,0,0,0,0,2,0,0,0,41,6,0,4,0,7,2,16,2,1,0,0,0,0,4
95,장교동,0,0,0,1,0,1,0,0,2,0,1,0,0,0,0,0,0,1,2,0,0,0,0,0,1,0,0,0,23,2,0,0,5,2,1,7,3,1,0,0,1,0,4
96,수표동,0,1,0,0,0,0,0,0,2,0,0,0,0,0,0,0,0,1,2,0,0,0,0,0,2,0,0,0,48,9,0,3,5,6,2,15,3,0,1,0,0,0,4
97,소공동,0,2,0,2,1,4,0,14,0,0,1,0,1,0,0,0,0,2,3,0,0,0,0,0,1,0,0,0,87,29,3,16,3,15,13,28,5,5,2,1,15,0,3
98,남창동,1,5,0,3,0,1,0,3,2,0,5,0,0,0,0,0,0,6,13,0,1,0,0,1,4,0,0,0,159,22,0,10,23,3,8,85,19,1,6,0,8,1,10
99,북창동,0,0,0,1,1,1,0,2,1,0,0,0,0,0,0,0,0,1,1,0,0,0,0,2,5,0,0,0,139,6,0,10,5,15,5,81,2,2,0,0,2,0,9
100,태평로2가,0,7,0,0,0,1,0,3,3,0,0,0,0,0,0,0,0,2,4,0,0,0,0,0,2,0,0,0,106,16,3,12,11,10,4,53,6,1,7,0,3,0,5
101,남대문로2가,0,6,1,0,0,0,5,0,0,0,0,0,1,0,1,0,0,1,2,0,0,0,0,0,0,0,0,0,23,9,1,2,3,2,1,6,3,0,6,3,0,0,5
102,남대문로3가,0,4,0,0,0,0,0,1,0,0,0,0,0,0,0,0,0,3,2,0,0,0,0,0,0,0,1,1,36,2,1,8,7,1,0,12,5,0,4,0,1,1,1
103,남대문로4가,0,2,0,0,1,0,0,0,2,0,0,0,0,0,0,0,0,1,4,0,0,0,0,0,0,0,0,0,56,6,0,6,4,4,4,25,5,1,2,0,0,0,2
104,남대문로5가,1,8,0,1,3,1,0,9,4,0,0,0,0,0,0,0,0,6,18,0,0,0,1,1,8,0,1,1,203,30,4,24,19,12,13,96,24,4,9,0,9,1,16
105,봉래동1가,0,5,0,0,0,0,0,1,1,0,0,0,0,0,0,0,0,0,5,0,0,0,0,0,1,0,0,0,28,5,0,3,7,2,1,14,5,0,5,0,1,0,2
106,봉래동2가,0,8,0,0,0,0,1,3,0,0,0,1,0,0,2,0,0,1,0,0,1,0,0,0,0,0,0,0,11,5,1,1,1,1,0,5,1,0,8,2,4,1,1
107,회현동1가,0,3,0,1,0,5,0,2,7,0,0,0,0,0,1,0,0,2,12,0,1,0,0,1,1,0,0,0,143,22,2,14,12,5,7,70,14,5,3,1,2,1,10
108,회현동2가,0,3,0,0,0,0,0,2,1,0,0,0,0,0,0,0,0,0,1,0,0,1,0,0,1,0,1,1,35,8,0,6,2,1,0,17,1,0,3,0,2,2,3
109,회현동3가,0,0,0,0,0,1,0,0,0,0,0,0,0,0,0,0,0,0,2,0,0,0,0,0,0,0,0,0,14,2,1,2,2,1,1,4,2,1,0,0,0,0,0
110,충무로1가,0,2,0,0,1,1,6,11,1,0,1,0,1,0,0,0,1,3,12,0,0,0,0,0,2,0,0,0,77,19,6,6,7,5,5,32,16,2,2,1,12,0,9
111,충무로2가,1,2,0,1,2,1,8,2,2,0,2,0,0,0,0,0,0,4,12,0,0,0,0,1,4,0,0,0,100,23,3,11,7,5,5,39,16,3,3,0,4,0,16
112,명동1가,0,0,0,2,1,1,0,2,2,0,0,0,0,0,0,0,1,4,10,0,0,0,0,0,3,0,0,0,64,15,2,8,3,2,3,28,15,2,0,0,2,0,7
113,명동2가,0,0,2,4,2,0,4,3,4,0,1,0,0,0,1,0,0,3,15,0,1,0,0,2,0,0,1,1,168,34,5,31,20,7,10,69,18,2,0,3,4,2,15
114,남산동1가,0,1,0,0,0,0,0,2,0,0,0,0,0,0,0,0,0,1,5,0,0,0,0,0,0,0,1,1,25,2,0,3,0,0,2,12,6,0,1,0,2,1,1
115,남산동2가,0,1,0,0,2,1,0,1,1,0,0,0,0,0,0,0,0,0,0,0,0,0,0,0,1,0,0,0,61,13,1,6,6,3,4,23,0,3,1,0,1,0,2
116,남산동3가,0,0,0,0,0,0,0,0,0,0,0,0,0,0,0,0,0,0,2,0,0,0,0,0,0,0,0,0,12,2,0,0,0,1,0,5,2,0,0,0,0,0,0
117,저동1가,0,3,0,0,0,0,0,0,1,0,0,0,0,0,0,0,0,0,2,0,0,0,0,0,0,0,0,0,38,5,0,4,2,2,1,24,2,0,3,0,0,0,1
118,충무로4가,0,2,0,3,0,0,9,1,1,0,1,0,0,0,0,0,0,2,6,1,0,0,0,0,4,0,0,0,111,12,0,9,10,10,2,56,8,0,2,0,2,1,17
119,충무로5가,0,1,0,0,0,1,0,0,0,0,0,0,0,0,0,0,0,1,2,0,0,0,0,1,2,0,0,0,55,5,1,2,6,2,1,24,3,1,1,0,0,0,3
120,인현동2가,0,0,1,2,0,0,0,0,0,0,0,0,0,0,0,0,0,1,1,0,0,0,0,0,3,0,0,0,63,2,0,3,2,3,1,42,2,0,0,1,0,0,5
121,예관동,0,1,0,0,0,0,0,0,0,0,0,0,0,0,0,0,0,0,0,0,0,0,0,0,0,0,0,0,15,1,0,0,3,1,0,7,0,0,1,0,0,0,0
122,묵정동,0,1,0,0,0,0,0,1,0,0,0,0,0,0,0,0,0,1,3,0,0,0,0,0,1,1,0,0,19,8,0,4,1,0,1,9,4,0,1,0,1,1,1
123,필동1가,0,4,0,0,1,0,0,1,0,0,0,0,0,0,0,0,0,1,2,0,1,0,0,0,2,0,0,0,59,8,0,9,8,0,3,21,3,1,4,0,1,1,2
124,필동2가,2,1,1,2,0,2,3,0,1,0,0,0,0,0,0,0,0,2,4,0,0,0,0,4,2,0,0,0,137,23,1,13,12,9,4,54,6,2,3,1,0,0,12
125,필동3가,0,0,0,0,0,0,0,1,0,0,0,0,0,0,0,0,0,1,1,0,0,0,0,2,5,0,1,1,64,16,1,1,6,4,3,34,2,0,0,0,1,1,8
126,남학동,0,0,0,0,0,1,0,0,0,0,0,0,0,0,0,0,0,0,0,0,0,0,0,0,0,0,0,0,17,1,0,5,1,0,0,9,0,1,0,0,0,0,0
127,주자동,0,0,0,0,0,0,0,0,0,0,0,0,0,0,0,0,0,0,0,0,0,0,0,0,0,0,0,0,2,2,0,0,0,0,0,2,0,0,0,0,0,0,0
128,예장동,0,3,0,0,0,0,0,0,1,0,0,0,0,0,0,0,0,0,0,0,0,0,0,0,0,0,0,0,22,3,0,11,4,0,0,4,0,0,3,0,0,0,1
129,장충동1가,0,3,0,0,0,2,0,0,1,0,0,0,0,0,0,0,0,1,1,0,0,0,0,1,0,0,1,1,29,8,0,1,1,1,1,14,2,2,3,0,0,1,3
130,장충동2가,1,10,0,2,4,2,1,9,3,0,0,0,0,0,0,0,0,0,2,0,1,0,0,2,2,0,1,1,121,18,0,24,11,8,4,54,2,6,11,0,9,2,11
131,광희동1가,1,0,0,0,0,1,0,3,1,0,0,0,0,0,0,0,0,1,0,0,0,0,0,0,1,0,0,0,90,7,1,5,6,5,1,46,1,1,1,0,3,0,2
132,광희동2가,1,5,0,1,0,0,0,0,0,0,0,0,0,0,0,0,0,1,3,0,0,0,0,0,1,0,0,0,19,5,0,3,3,0,0,6,4,0,6,0,0,0,2
133,쌍림동,0,2,0,0,1,2,0,1,1,0,0,0,0,0,0,0,0,1,5,0,0,0,1,0,1,0,0,0,46,12,0,2,3,3,1,22,6,3,2,0,1,0,3
134,을지로6가,0,8,16,4,1,0,14,6,1,0,7,0,0,0,2,0,0,7,12,0,0,0,0,2,9,0,0,0,269,57,11,29,30,15,12,105,19,1,8,18,13,0,30
135,을지로7가,0,1,0,0,0,0,0,1,0,0,0,0,0,0,1,0,0,0,1,0,0,0,0,0,0,0,0,0,26,9,1,5,1,1,0,10,1,0,1,1,1,0,0
136,을지로4가,1,4,0,0,0,0,0,1,1,0,1,0,0,0,0,0,0,4,14,0,0,0,0,0,3,0,0,0,58,12,1,4,10,1,1,24,18,0,5,0,2,0,4
137,을지로5가,0,2,0,1,1,0,0,0,1,0,0,0,0,0,0,0,0,0,3,0,1,0,1,1,3,0,0,0,41,7,0,5,4,3,2,17,3,1,2,0,0,1,7
138,주교동,1,2,1,2,1,0,0,0,1,0,0,0,0,0,0,0,0,0,2,0,0,0,0,0,3,0,0,0,75,9,0,2,14,0,1,44,2,1,3,1,0,0,6
139,방산동,0,3,2,0,0,0,0,0,0,0,1,0,0,0,0,0,0,0,1,0,0,0,0,0,1,0,0,0,9,3,1,1,2,1,1,4,1,0,3,2,1,0,1
140,오장동,0,0,0,2,0,1,0,1,0,0,1,0,0,0,0,0,0,3,0,0,0,0,0,1,0,0,0,0,55,11,0,6,4,2,0,34,3,1,0,0,2,0,3
141,을지로3가,2,3,1,3,2,0,0,2,3,0,0,0,0,0,0,0,0,1,4,0,1,0,0,0,5,0,0,0,160,13,0,14,11,8,5,50,5,2,5,1,2,1,11
142,입정동,0,1,0,0,0,0,0,0,0,0,0,0,0,0,0,0,0,0,0,0,0,0,0,0,0,0,0,0,24,0,0,2,0,2,2,16,0,0,1,0,0,0,0
143,산림동,0,0,2,0,0,0,0,2,0,0,1,0,0,0,0,0,0,0,0,0,0,0,0,0,0,0,0,0,43,3,0,4,5,0,1,18,0,0,0,2,3,0,0
144,충무로3가,0,1,1,1,0,0,0,0,3,0,0,0,0,0,0,0,0,0,5,0,0,1,0,0,3,0,0,0,118,9,0,11,16,6,3,55,5,0,1,1,0,1,7
145,초동,0,0,0,1,0,1,3,0,1,0,0,0,0,0,0,0,0,2,5,0,0,0,0,0,6,0,0,0,108,6,1,16,11,8,1,50,7,1,0,0,0,0,11
146,인현동1가,0,0,1,0,1,1,0,0,2,0,0,0,0,0,0,0,0,0,0,0,0,0,0,0,3,0,0,0,47,6,0,4,8,0,1,25,0,2,0,1,0,0,5
147,저동2가,0,0,1,1,0,0,0,1,0,0,0,0,0,0,0,0,0,6,6,0,0,0,1,0,3,0,0,0,101,17,0,8,11,7,2,43,12,0,0,1,1,0,5
148,신당동,6,43,1,15,6,41,0,23,24,1,15,0,0,0,0,0,2,37,108,2,3,2,3,33,39,5,0,0,1015,134,15,61,105,45,31,460,147,47,49,1,39,12,114
149,흥인동,1,2,0,2,0,0,0,2,4,0,0,0,0,0,0,0,1,4,4,0,0,0,0,0,3,0,0,0,85,12,1,6,12,5,5,32,9,0,3,0,2,0,9
150,무학동,0,1,0,0,0,0,0,0,0,0,0,0,0,0,0,0,0,2,5,0,0,1,0,9,3,0,0,0,48,2,0,4,1,1,1,23,7,0,1,0,0,1,12
151,황학동,0,6,0,4,2,6,0,6,8,0,2,1,0,0,0,0,0,10,17,0,0,0,0,2,10,0,0,0,317,17,7,11,35,18,8,182,27,8,6,0,9,0,24
152,서소문동,1,4,1,2,0,0,0,3,3,0,0,0,0,0,0,0,0,4,18,0,1,0,1,0,3,0,1,1,143,22,1,11,18,15,8,66,22,0,5,1,3,2,10
153,정동,1,3,0,3,0,0,1,2,2,0,0,0,0,0,0,0,0,0,0,0,0,0,2,0,0,0,2,2,89,12,0,9,4,10,3,45,0,0,4,0,2,2,10
154,순화동,0,2,1,3,1,1,0,1,3,0,0,0,0,0,0,0,1,1,7,0,0,0,1,0,1,0,0,0,107,15,2,7,3,8,2,65,9,2,2,1,1,0,8
155,의주로1가,0,3,0,1,0,0,0,1,2,0,0,0,0,0,0,0,0,0,2,0,0,0,1,0,0,0,0,0,4,1,0,0,0,1,0,1,2,0,3,0,1,0,4
156,충정로1가,0,1,0,1,0,0,1,1,0,0,0,0,0,0,0,0,0,0,1,0,0,0,0,0,0,0,1,1,11,5,0,0,0,0,0,4,1,0,1,0,1,1,3
157,중림동,0,8,1,1,0,4,0,4,2,0,0,0,0,0,0,0,0,6,13,0,1,0,0,3,3,0,0,0,164,13,0,6,19,7,5,83,19,4,8,1,4,1,9
158,의주로2가,0,0,0,0,0,0,0,0,0,0,0,0,0,0,0,0,0,0,0,0,0,0,1,0,0,0,0,0,2,0,0,0,1,0,0,0,0,0,0,0,0,0,1
159,만리동1가,0,1,0,0,0,0,0,2,1,0,0,0,0,0,0,0,0,0,0,0,0,0,0,0,1,0,0,0,32,5,0,5,2,1,0,9,0,0,1,0,2,0,2
160,만리동2가,0,3,0,1,0,1,0,2,1,1,0,0,0,0,0,0,0,2,4,0,0,0,4,0,1,2,1,1,14,6,0,1,4,0,1,2,6,1,3,0,3,3,8
161,후암동,0,19,1,1,3,6,0,5,1,0,0,0,0,0,0,0,0,5,14,0,1,1,0,3,2,2,0,0,183,14,1,25,18,12,4,59,19,9,19,1,5,4,7
162,용산동2가,0,26,4,0,1,3,0,5,1,0,0,0,0,0,0,0,0,2,6,1,0,0,0,2,2,0,0,0,249,16,2,62,13,11,3,45,8,4,26,4,5,1,5
163,용산동4가,1,3,0,0,0,0,0,0,0,0,0,0,0,0,0,0,0,0,0,0,0,0,0,0,0,0,0,0,0,0,0,0,0,0,0,0,0,0,4,0,0,0,0
164,갈월동,1,9,1,0,1,2,0,5,2,0,0,0,0,0,0,0,0,4,26,0,0,0,0,3,4,0,0,0,103,14,3,14,7,3,3,40,30,3,10,1,5,0,9
165,남영동,0,3,0,1,0,0,0,0,5,1,0,0,0,0,0,0,0,2,8,0,0,0,0,7,2,0,0,0,144,5,1,15,9,12,5,70,10,0,3,0,1,0,15
166,용산동1가,0,3,0,0,0,0,0,0,0,0,0,0,0,0,0,0,0,0,0,0,0,0,0,0,0,0,1,1,2,3,0,0,0,0,0,0,0,0,3,0,0,1,1
167,동자동,1,6,1,2,1,2,0,13,1,0,0,0,0,0,0,0,0,2,4,1,0,0,0,2,4,0,0,0,168,18,3,9,10,13,9,78,6,3,7,1,13,1,9
168,서계동,0,8,0,0,0,3,0,3,1,0,0,0,0,0,0,1,1,2,8,0,0,0,0,3,2,1,0,0,101,9,1,11,11,1,1,42,11,3,8,0,4,1,6
169,청파동1가,0,3,0,1,0,5,0,0,1,0,0,0,0,0,0,0,0,2,1,0,0,0,0,1,0,0,0,0,37,5,0,2,5,1,0,18,3,5,3,0,0,0,3
170,청파동2가,0,10,1,0,1,3,0,3,1,0,0,0,0,0,0,0,0,2,2,0,0,0,0,3,0,0,3,3,108,31,1,19,13,5,3,32,4,4,10,1,3,3,7
171,청파동3가,0,3,1,2,2,2,0,2,1,0,0,0,0,0,0,0,0,2,4,1,0,0,0,1,1,0,0,0,110,11,0,12,11,6,4,37,6,4,3,1,2,1,5
172,원효로1가,0,10,0,1,0,3,0,5,5,1,0,0,0,0,0,0,0,0,9,0,1,0,0,1,0,1,0,0,114,16,2,7,5,4,3,53,9,3,10,0,6,2,7
173,원효로2가,0,5,0,0,0,1,0,2,0,0,0,0,0,0,0,0,0,2,10,0,0,0,0,5,1,0,0,0,98,3,1,8,4,4,4,45,12,1,5,0,2,0,6
174,신창동,0,4,0,0,0,1,0,0,0,0,0,0,0,0,0,0,0,0,0,0,0,0,0,0,0,0,0,0,4,4,0,0,1,0,0,2,0,1,4,0,0,0,0
175,산천동,0,2,0,2,0,1,0,3,0,0,0,0,0,0,0,0,0,1,4,0,0,0,0,0,0,0,0,0,5,1,0,0,0,0,1,1,5,1,2,0,3,0,2
176,청암동,0,4,0,0,0,0,0,0,0,0,0,0,0,0,0,0,0,0,0,0,0,0,0,0,0,0,0,0,3,0,0,3,0,0,0,0,0,0,4,0,0,0,0
177,원효로3가,0,4,0,1,2,1,0,0,0,0,0,0,0,0,0,0,0,0,1,0,0,0,0,4,0,0,0,0,61,4,0,5,6,2,7,28,1,3,4,0,0,0,5
178,원효로4가,0,9,0,0,0,0,0,1,1,0,0,0,0,0,0,0,0,0,1,0,0,0,0,1,1,0,0,0,24,6,0,1,2,1,1,11,1,0,9,0,1,0,3
179,효창동,1,14,0,0,0,1,0,3,1,0,0,0,0,0,0,0,0,5,7,0,0,0,1,0,2,0,2,2,50,9,0,6,3,4,1,13,12,1,15,0,3,2,6
180,도원동,0,6,0,0,1,2,0,4,0,0,0,0,0,0,0,0,0,0,3,0,0,0,0,0,0,0,0,0,12,4,0,2,1,1,0,4,3,3,6,0,4,0,0
181,용문동,0,11,0,0,1,3,0,4,0,0,0,0,0,0,0,0,0,0,11,0,0,0,0,4,1,0,0,0,91,10,0,2,10,4,0,46,11,4,11,0,4,0,5
182,문배동,0,6,0,0,0,4,0,1,1,0,0,0,0,0,0,0,0,1,0,0,0,0,3,0,0,0,0,0,25,3,0,2,0,2,1,10,1,4,6,0,1,0,4
183,신계동,0,3,0,2,0,1,0,0,0,0,0,0,0,0,0,0,0,0,0,0,0,0,1,1,1,0,0,0,54,3,0,1,7,3,2,31,0,1,3,0,0,0,5
184,한강로1가,2,5,0,1,0,4,0,3,0,0,1,0,0,0,0,0,0,1,7,0,1,0,0,5,3,0,0,0,147,9,0,25,4,5,5,52,8,4,7,0,4,1,9
185,한강로2가,1,11,1,1,0,4,0,10,1,0,2,1,0,0,0,0,0,3,37,0,0,1,0,3,2,0,1,1,369,43,3,49,16,27,11,151,40,4,12,1,13,2,8
186,용산동3가,0,1,0,0,0,1,0,2,0,0,0,0,0,0,0,0,0,1,1,0,0,0,0,0,0,0,0,0,27,4,0,5,4,0,0,11,2,1,1,0,2,0,0
187,용산동5가,1,3,0,0,0,1,0,3,1,0,0,0,0,0,0,0,0,0,2,0,1,0,1,0,0,0,0,0,19,8,0,7,0,2,1,4,2,1,4,0,3,1,2
188,한강로3가,0,22,2,2,3,5,28,13,6,1,0,0,1,0,1,0,0,10,17,0,0,0,2,2,3,0,0,0,349,62,5,42,19,25,13,139,27,8,22,4,14,0,43
189,이촌동,0,31,0,4,3,9,0,6,6,1,0,0,0,0,0,0,1,4,35,1,0,1,7,1,1,0,0,0,198,15,0,24,14,24,9,74,40,12,31,0,7,2,19
190,이태원동,1,34,3,1,4,10,0,16,9,0,0,0,0,0,1,1,0,2,24,0,1,1,2,10,2,0,0,0,1034,42,2,306,32,30,20,176,26,14,35,4,17,2,24
191,한남동,1,39,3,3,2,9,0,23,26,1,0,0,0,0,0,0,1,6,24,1,1,0,3,9,2,0,2,2,759,67,4,168,24,47,22,200,31,11,40,3,24,4,45
192,동빙고동,0,6,1,1,0,1,0,1,2,0,0,0,0,0,0,0,0,0,0,0,0,0,0,0,0,0,0,0,34,3,0,5,1,3,2,12,0,1,6,1,1,0,3
193,서빙고동,0,13,0,0,0,0,0,0,1,0,0,0,0,0,0,0,0,0,0,0,0,1,0,0,0,0,0,0,10,3,0,1,1,0,0,4,0,0,13,0,0,1,1
194,주성동,0,0,0,0,0,0,0,0,0,0,0,0,0,0,0,0,0,0,0,0,0,0,0,0,0,0,0,0,1,0,0,0,0,0,0,0,0,0,0,0,0,0,0
195,용산동6가,0,6,0,0,1,0,0,0,0,1,0,0,0,0,2,0,0,1,1,0,0,0,1,0,0,0,0,0,13,4,0,1,3,0,1,4,2,1,6,2,1,0,1
196,보광동,0,11,1,0,5,8,0,2,4,0,0,0,0,0,0,1,0,6,20,0,1,0,0,5,4,0,0,0,190,11,2,17,18,4,7,78,26,13,11,1,3,1,13
197,상왕십리동,0,5,0,0,0,3,0,1,1,0,0,0,0,0,0,0,0,1,7,0,0,0,1,1,0,1,0,0,55,3,0,3,3,8,2,20,8,3,5,0,1,1,3
198,하왕십리동,1,27,2,4,2,10,0,9,8,0,0,0,0,0,0,0,1,12,35,1,0,0,4,5,2,0,0,0,181,31,3,11,10,12,7,73,48,12,28,2,9,1,23
199,홍익동,0,3,0,1,0,2,0,3,1,0,0,0,0,0,0,0,1,2,4,0,1,0,0,5,0,0,0,0,97,10,0,5,3,3,3,61,7,2,3,0,3,1,7
200,도선동,0,4,0,0,1,6,0,4,7,0,0,0,0,0,0,0,1,6,27,0,0,1,0,7,6,0,0,0,143,10,0,2,6,10,4,92,34,7,4,0,4,1,20
201,마장동,1,29,0,4,0,9,0,3,2,0,0,0,0,0,0,1,0,6,21,2,0,0,0,8,9,0,1,1,176,9,1,8,10,3,6,109,27,9,30,0,4,3,24
202,사근동,0,20,0,0,1,4,0,2,0,0,0,0,0,0,0,0,0,1,0,0,0,0,0,2,1,0,2,2,44,9,1,0,3,1,3,22,1,5,20,0,2,2,5
203,행당동,4,69,3,6,0,18,10,20,11,1,3,1,0,1,0,0,1,21,60,0,2,1,2,31,15,2,0,0,591,64,11,46,29,30,19,254,82,18,73,4,25,5,75
204,응봉동,0,31,0,3,1,7,0,1,0,0,0,0,0,0,0,0,0,2,7,0,1,0,0,1,1,0,0,0,27,2,0,2,0,1,0,9,9,8,31,0,1,1,5
205,금호동1가,0,37,0,2,1,9,0,1,3,1,0,0,0,0,0,0,0,6,13,0,0,1,0,3,1,1,1,1,63,12,2,4,2,3,1,27,19,10,37,0,2,3,10
206,금호동2가,1,18,3,0,0,4,0,2,1,0,0,0,0,0,0,0,0,4,9,0,1,0,1,4,4,0,0,0,87,4,1,4,6,4,4,38,13,4,19,3,2,1,10
207,금호동3가,0,25,1,1,0,6,0,5,1,1,0,0,0,0,0,1,0,10,18,0,0,0,2,4,1,0,0,0,116,11,2,9,5,3,4,65,28,6,25,1,7,0,9
208,금호동4가,1,28,1,2,2,4,0,6,3,0,0,0,0,0,0,0,0,7,21,1,1,0,1,12,2,0,0,0,100,13,0,6,4,6,3,37,28,6,29,1,6,2,20
209,옥수동,1,44,1,3,2,11,0,10,11,0,1,0,0,0,0,0,0,8,34,0,0,0,2,4,1,1,0,0,132,18,0,16,8,5,3,49,42,13,45,1,11,1,21
210,성수동1가,1,46,5,7,2,13,7,32,13,1,0,0,0,0,0,0,0,7,29,2,0,0,2,24,11,1,1,1,740,108,7,99,24,26,17,212,36,15,47,5,33,4,65
211,성수동2가,1,51,1,9,5,18,0,26,19,0,1,1,0,0,0,1,1,18,45,0,2,1,3,40,19,0,0,0,1005,118,11,80,35,51,30,407,64,23,52,1,29,3,90
212,송정동,0,12,0,0,0,5,0,4,1,0,0,0,0,0,0,0,1,3,3,0,0,0,1,6,2,0,0,0,72,10,2,3,1,2,3,39,7,5,12,0,4,0,10
213,용답동,3,12,0,2,1,4,0,1,3,0,0,0,0,0,0,1,2,8,21,0,1,0,1,14,5,1,0,0,188,23,1,5,6,11,4,118,31,5,15,0,2,2,25
214,중곡동,1,87,3,10,7,39,0,27,26,0,3,0,0,0,0,0,1,41,117,0,4,1,1,71,46,1,0,0,841,105,10,32,72,48,18,382,159,46,88,3,30,6,154
215,능동,3,11,0,2,0,4,0,3,4,0,0,0,0,0,0,0,2,4,16,0,0,1,2,18,5,0,1,1,124,29,3,10,4,10,3,60,22,4,14,0,3,2,32
216,구의동,2,57,2,20,5,43,11,27,41,1,5,0,0,1,0,0,1,33,103,1,1,1,2,61,43,2,0,0,886,134,23,39,77,66,34,408,137,48,59,3,33,5,178
217,광장동,1,36,2,5,5,9,0,9,9,0,1,0,0,0,0,0,0,7,25,0,1,0,0,2,8,1,0,0,174,40,4,10,13,11,5,82,32,14,37,2,10,2,24
218,자양동,1,57,5,21,7,54,16,35,41,0,5,1,1,0,0,0,4,42,123,1,3,0,4,70,68,2,0,0,1020,145,14,64,75,57,128,423,169,61,58,6,41,6,220
219,화양동,3,17,1,4,0,11,1,15,17,1,1,0,0,0,0,0,3,15,51,0,1,0,1,71,50,0,1,1,863,93,12,83,73,60,25,307,69,11,20,1,17,2,145
220,군자동,0,25,0,4,1,12,9,7,15,0,1,0,0,0,0,0,1,9,33,0,0,0,0,14,21,1,1,1,338,46,2,22,27,26,20,141,43,13,25,0,8,2,64
221,신설동,2,10,0,3,2,3,0,3,4,0,2,0,0,0,0,0,1,4,13,1,0,0,0,9,4,1,0,0,230,18,2,6,21,6,7,138,18,5,12,0,5,2,20
222,용두동,1,28,0,6,2,16,0,6,6,0,1,1,0,0,0,1,5,20,43,1,1,1,2,13,7,1,0,0,360,38,6,11,18,12,13,205,68,18,29,0,9,4,34
223,제기동,1,28,0,2,1,7,0,11,9,1,0,0,0,0,0,2,2,72,79,0,1,0,1,5,3,0,1,1,478,30,7,15,23,12,23,237,153,8,29,0,14,2,21
224,전농동,1,48,3,4,5,26,8,17,10,1,1,0,0,0,0,1,2,25,37,1,2,1,2,21,9,1,1,1,475,59,9,10,30,20,13,221,64,31,49,3,20,6,55
225,답십리동,0,41,0,6,2,17,0,14,14,0,0,0,0,0,0,1,4,24,50,2,1,0,3,25,10,1,0,0,388,41,3,14,27,14,14,179,78,19,41,0,15,4,58
226,장안동,1,59,2,16,4,39,7,27,27,1,2,1,0,0,0,1,7,48,54,2,2,1,3,53,34,1,0,0,963,80,12,26,58,39,39,504,109,43,60,2,32,6,140
227,청량리동,0,24,0,0,3,7,0,5,7,0,1,0,0,0,0,0,1,20,55,0,1,1,2,16,10,1,0,0,252,14,3,8,21,8,7,129,76,10,24,0,6,3,35
228,회기동,0,9,1,1,2,4,0,11,11,1,1,0,0,0,0,0,2,16,8,0,1,0,1,16,2,0,0,0,374,41,2,28,24,14,23,131,26,6,9,1,13,1,31
229,휘경동,0,31,0,6,1,18,0,9,12,0,0,0,0,0,0,1,0,20,18,1,1,1,2,10,4,2,0,0,267,37,6,11,21,5,6,124,38,19,31,0,10,5,34
230,이문동,0,37,1,1,1,13,0,8,6,1,1,0,0,1,0,1,0,21,23,1,1,0,0,13,3,0,3,3,400,40,9,21,30,19,18,162,44,14,37,2,11,5,26
231,면목동,3,125,5,8,6,66,0,36,23,0,0,0,0,1,0,1,1,44,98,5,4,1,3,120,34,1,0,0,1341,126,13,28,111,44,33,660,143,72,128,6,37,11,188
232,상봉동,1,31,2,3,1,19,14,12,16,0,0,1,0,1,0,0,2,18,47,1,0,0,0,67,17,1,0,0,580,61,9,20,39,25,14,258,67,20,32,3,13,2,117
233,중화동,1,42,4,3,4,16,0,7,7,0,0,0,0,0,0,0,1,13,33,1,1,1,0,45,10,0,0,0,386,40,7,7,33,8,5,189,47,20,43,4,7,3,65
234,묵동,1,50,1,4,2,20,8,12,7,0,0,0,0,0,0,0,0,16,41,0,1,0,2,37,11,1,0,0,385,43,5,9,34,21,11,184,57,22,51,1,12,2,69
235,망우동,0,67,0,3,4,23,0,16,8,0,0,1,0,0,0,0,3,24,39,2,1,1,0,43,12,2,0,0,487,68,11,8,54,15,16,214,66,27,67,0,17,6,66
236,신내동,2,69,1,6,3,19,0,17,9,1,0,0,0,0,0,0,1,24,25,0,1,1,6,13,8,0,0,0,318,50,6,4,21,16,13,168,50,22,71,1,18,2,42
237,성북동,0,35,2,1,0,7,0,4,1,0,0,0,0,0,0,0,0,0,6,0,1,0,0,2,0,0,5,5,94,28,1,12,2,4,0,36,6,7,35,2,4,6,9
238,성북동1가,0,7,0,0,0,0,0,3,1,0,0,0,0,0,0,0,0,1,6,1,0,0,0,0,0,0,0,0,43,5,0,4,2,4,1,15,7,0,7,0,3,1,1
239,돈암동,0,46,0,5,1,12,3,3,3,1,2,0,0,0,0,1,0,7,16,1,1,0,3,1,0,3,0,0,81,14,2,4,3,1,2,24,23,13,46,0,7,5,15
240,동소문동1가,0,2,1,0,0,0,0,2,2,0,0,0,0,0,0,0,0,3,8,0,0,0,0,0,1,0,0,0,26,5,2,0,1,1,1,10,11,0,2,1,2,0,3
241,동소문동2가,0,3,0,0,0,0,0,2,2,0,0,0,0,0,0,0,0,5,10,0,0,0,0,3,1,0,0,0,70,5,1,1,3,3,0,30,15,0,3,0,2,0,6
242,동소문동3가,0,2,0,0,1,0,0,0,1,0,0,0,0,0,0,0,0,3,8,0,0,0,0,1,4,0,0,0,13,3,0,2,0,0,1,3,11,1,2,0,0,0,6
243,동소문동4가,0,2,2,0,1,3,0,0,1,0,0,0,0,0,0,0,0,2,3,0,0,0,0,0,0,0,0,0,18,5,1,0,0,2,1,6,5,4,2,2,0,0,1
244,동소문동5가,0,2,0,0,1,2,0,1,2,0,0,0,0,0,0,1,0,2,6,0,0,0,0,1,4,0,0,0,85,2,0,2,2,7,3,33,8,3,2,0,2,0,7
245,동소문동6가,0,2,0,0,1,0,0,1,2,0,0,0,0,0,0,0,0,5,23,0,0,0,0,1,0,0,0,0,25,8,0,2,2,0,0,11,28,1,2,0,1,0,3
246,동소문동7가,0,3,0,0,1,1,0,2,0,0,0,0,0,0,0,0,0,1,1,0,0,0,0,0,0,0,0,0,15,2,1,0,2,1,0,3,2,2,3,0,2,0,0
247,삼선동1가,1,5,0,0,0,1,0,2,0,1,0,0,0,0,0,0,0,2,3,0,0,0,0,1,1,0,0,0,30,6,2,1,2,2,0,13,5,1,6,0,3,0,2
248,삼선동2가,0,13,0,0,0,2,0,2,0,0,0,0,0,0,0,0,0,0,1,0,0,0,0,5,4,0,0,0,71,7,1,3,5,2,4,38,1,2,13,0,2,0,9
249,삼선동3가,0,7,0,0,0,2,0,0,0,0,0,0,0,0,0,0,0,0,0,1,0,0,1,0,0,0,0,0,12,3,0,2,1,1,0,3,0,2,7,0,0,1,1
250,삼선동4가,0,3,0,1,1,0,0,0,0,0,0,0,0,0,0,0,0,3,3,0,0,1,0,2,1,0,0,0,56,10,0,1,0,1,3,29,6,1,3,0,0,1,4
251,삼선동5가,0,5,0,0,0,0,0,2,1,0,0,0,0,0,0,0,0,1,6,0,0,0,0,3,0,0,0,0,70,11,1,2,5,2,3,25,7,0,5,0,2,0,4
252,동선동1가,0,2,0,0,0,0,5,3,7,0,0,0,0,0,1,0,1,6,13,0,0,0,0,18,7,0,0,0,268,19,2,24,16,11,13,74,20,0,2,1,3,0,37
253,동선동2가,0,6,1,0,0,1,0,3,1,0,0,0,0,0,0,0,0,0,0,0,0,0,0,3,1,0,0,0,115,16,2,15,3,2,2,39,0,1,6,1,3,0,5
254,동선동3가,0,0,0,0,0,2,0,2,0,0,0,0,0,0,0,0,0,0,0,0,0,0,0,0,0,0,1,1,38,9,1,1,3,2,1,12,0,2,0,0,2,1,1
255,동선동4가,1,2,1,1,0,0,0,2,0,0,0,0,0,0,0,0,1,3,14,0,0,0,0,1,1,0,0,0,46,12,2,3,4,0,0,13,18,0,3,1,2,0,3
256,동선동5가,0,1,0,0,0,1,0,1,1,0,0,0,0,0,0,0,0,0,2,0,0,0,0,1,1,0,0,0,30,3,1,0,3,0,2,8,2,1,1,0,1,0,3
257,안암동1가,0,4,0,0,0,2,0,0,1,0,0,0,0,0,0,0,0,0,0,0,0,0,0,0,0,0,0,0,29,8,0,4,2,1,0,7,0,2,4,0,0,0,1
258,안암동2가,0,6,0,0,1,1,0,1,0,0,0,0,0,0,0,0,0,1,2,0,0,0,0,0,0,0,0,0,19,6,0,1,1,1,0,5,3,2,6,0,1,0,0
259,안암동3가,0,0,0,0,0,3,0,0,0,0,0,0,0,0,0,0,0,0,0,0,0,0,0,0,1,0,0,0,11,2,0,1,0,0,0,4,0,3,0,0,0,0,1
260,안암동4가,0,1,0,0,0,0,0,0,1,0,0,0,0,0,0,0,0,0,1,0,0,0,0,0,0,0,0,0,6,2,0,0,1,0,0,3,1,0,1,0,0,0,1
261,안암동5가,1,20,1,0,1,0,0,7,6,0,0,0,0,0,0,0,1,10,9,0,0,0,0,14,10,0,1,1,323,48,8,28,19,13,18,115,20,1,21,1,7,1,31
262,보문동4가,0,1,0,1,0,0,0,0,1,0,1,0,0,0,0,1,1,1,2,0,0,0,0,0,0,0,0,0,25,4,0,2,1,0,2,12,4,0,1,0,2,0,2
263,보문동5가,0,1,0,0,0,1,0,1,0,0,0,0,0,0,0,0,0,3,5,0,0,0,0,0,0,0,0,0,22,4,2,3,0,2,1,6,8,1,1,0,1,0,0
264,보문동6가,0,0,0,0,0,2,0,0,0,1,0,0,0,0,0,0,0,0,0,1,0,0,0,0,0,0,0,0,8,3,0,0,0,1,0,4,0,2,0,0,1,1,0
265,보문동7가,0,2,0,0,0,2,0,1,1,1,0,0,0,0,0,0,0,1,1,0,0,0,0,1,1,0,0,0,45,2,0,2,5,2,2,19,2,2,2,0,2,0,3
266,보문동1가,1,4,0,0,0,1,0,1,3,0,0,0,0,0,0,0,0,0,3,0,0,0,0,0,0,0,0,0,19,3,0,0,2,2,2,10,3,1,5,0,1,0,3
267,보문동2가,0,1,0,0,0,3,0,2,0,0,0,0,0,0,0,0,0,1,4,0,0,0,0,1,0,0,0,0,18,3,0,0,0,1,1,6,5,3,1,0,2,0,1
268,보문동3가,0,1,0,0,0,0,0,0,0,0,0,0,0,0,0,0,0,0,0,0,1,0,0,0,0,0,0,0,0,1,0,0,0,0,0,0,0,0,1,0,0,1,0
269,정릉동,0,133,6,10,5,27,0,19,10,0,0,0,0,0,0,1,2,27,38,3,2,0,3,19,22,2,1,1,505,67,12,18,29,13,17,218,67,32,133,6,20,8,65
270,길음동,1,39,3,2,1,13,0,24,9,2,3,4,1,0,0,1,0,21,35,2,1,1,2,6,5,2,0,0,235,49,7,4,17,17,10,86,56,14,40,4,34,6,24
271,종암동,1,57,2,6,2,17,0,9,7,0,1,0,0,0,0,0,2,19,35,1,1,1,0,12,10,1,0,0,276,36,6,8,16,11,7,132,56,19,58,2,10,4,35
272,하월곡동,1,54,1,6,2,20,0,16,10,0,1,1,0,0,0,0,1,25,36,0,1,0,4,23,13,2,0,0,409,54,11,11,27,14,13,185,62,22,55,1,18,3,56
273,상월곡동,1,11,0,3,0,3,0,2,1,0,0,0,0,0,0,0,0,1,5,0,1,0,0,0,2,1,1,1,71,12,1,4,3,1,2,31,6,3,12,0,2,3,7
274,장위동,0,99,1,1,2,24,0,10,5,1,2,0,0,0,0,2,0,23,24,2,0,1,1,11,14,1,0,0,332,42,3,4,18,6,11,156,47,26,99,1,15,4,32
275,석관동,1,30,2,2,2,15,0,6,6,0,2,0,0,0,0,2,0,17,34,1,1,0,3,16,13,1,0,0,339,29,5,5,13,9,7,177,51,17,31,2,10,3,40
276,미아동,2,150,6,3,13,67,6,41,22,0,3,4,0,2,1,0,8,58,202,3,3,2,4,94,33,5,2,2,1408,105,20,26,103,43,43,633,268,80,152,9,48,15,164
277,번동,0,98,3,7,5,25,6,10,7,0,0,0,0,0,0,0,4,18,66,0,2,1,2,36,14,1,0,0,423,34,11,19,40,8,12,185,88,30,98,3,10,4,72
278,수유동,1,144,1,4,8,50,9,34,16,0,4,0,0,1,0,2,3,34,126,1,4,1,0,161,40,1,0,0,1432,90,16,33,94,45,25,650,163,58,145,2,40,7,230
279,우이동,0,16,0,0,1,6,0,3,0,0,0,0,0,0,0,0,0,8,7,1,0,0,2,9,4,0,1,1,174,11,1,3,7,3,2,98,15,7,16,0,3,2,16
280,쌍문동,0,94,7,6,4,33,0,12,20,0,1,0,0,0,0,0,6,18,44,0,2,1,6,31,20,3,2,2,468,68,6,26,36,23,16,203,68,37,94,7,13,8,85
281,방학동,0,78,2,10,5,28,7,26,19,1,1,1,0,0,0,0,5,16,45,1,2,2,4,76,42,2,0,0,626,66,9,24,36,33,20,290,66,33,78,2,29,7,158
282,창동,2,114,6,12,6,34,5,32,31,1,2,1,0,0,0,0,3,33,75,0,2,1,5,80,48,2,0,0,775,114,15,24,61,53,27,330,111,40,116,6,36,5,181
283,도봉동,1,82,2,7,4,21,0,11,7,0,2,0,0,0,0,0,2,10,23,0,2,0,7,44,17,2,0,0,445,43,3,8,26,11,9,242,35,25,83,2,13,4,82
284,월계동,1,106,3,7,3,17,0,23,11,0,0,0,0,0,1,0,1,25,65,3,1,1,0,35,16,3,1,1,448,59,17,18,43,19,21,170,91,20,107,4,23,9,70
285,공릉동,4,107,5,11,3,24,0,34,20,2,1,0,0,0,0,0,2,40,97,1,1,1,0,45,26,2,3,3,768,123,22,30,64,41,22,317,139,27,111,5,37,8,105
286,하계동,1,55,0,6,1,12,0,7,3,0,1,0,0,0,0,0,0,15,23,1,0,1,0,2,2,1,0,0,181,38,7,5,18,12,5,78,38,13,56,0,8,3,13
287,상계동,6,191,12,21,8,60,17,70,49,1,3,0,1,0,1,0,10,99,361,2,4,2,0,145,50,2,0,0,1613,233,33,58,133,90,69,710,470,68,197,14,74,10,282
288,중계동,1,75,5,17,7,28,11,30,18,2,1,1,1,1,0,0,1,40,130,1,2,0,0,34,14,4,0,0,557,108,20,19,72,23,23,228,171,35,76,7,34,7,94
289,수색동,0,18,1,0,0,5,0,2,0,0,1,1,0,0,0,0,0,5,9,1,0,1,0,3,3,0,0,0,87,8,2,2,11,1,3,45,14,5,18,1,4,2,6
290,녹번동,2,23,2,5,1,14,1,12,4,0,0,0,0,0,0,0,2,8,23,0,0,1,6,15,7,0,0,0,260,30,0,10,11,8,11,149,33,15,25,2,12,1,38
291,불광동,1,63,0,7,6,24,0,16,13,0,2,0,0,1,2,0,2,17,76,2,1,0,5,12,14,1,1,1,444,38,5,12,40,11,11,253,95,30,64,3,18,5,52
292,갈현동,2,72,3,8,5,20,0,14,15,0,0,0,0,0,0,0,2,15,44,1,1,0,1,57,30,0,0,0,679,50,5,33,33,33,10,349,61,25,74,3,14,2,111
293,구산동,1,34,1,3,0,14,0,12,3,0,1,1,0,0,0,0,2,7,22,1,0,0,7,1,1,1,0,0,117,24,3,4,11,3,3,59,31,14,35,1,14,2,15
294,대조동,2,26,2,2,1,12,9,16,12,0,2,0,0,0,2,0,2,20,89,0,1,0,1,16,13,0,0,0,405,37,12,17,28,14,9,229,111,13,28,4,18,1,53
295,응암동,0,82,4,6,6,30,0,28,28,0,2,1,0,0,0,2,2,30,93,1,2,0,3,46,32,1,0,0,705,71,11,19,40,32,21,387,125,36,82,4,33,4,115
296,역촌동,0,51,3,4,3,17,0,17,14,0,2,0,0,0,0,1,1,16,37,1,1,1,0,25,20,0,0,0,391,37,4,12,28,11,13,214,54,20,51,3,20,3,63
297,신사동,4,74,6,27,10,39,17,89,63,4,0,0,0,1,0,0,12,94,699,1,2,0,2,39,20,1,5,5,2206,217,23,565,125,194,58,669,805,49,78,7,93,9,173
298,신사동,4,74,6,27,10,39,17,89,63,4,0,0,0,1,0,0,12,94,699,1,2,0,2,39,20,1,5,5,2206,217,23,565,125,194,58,669,805,49,78,7,93,9,173
299,증산동,2,12,0,5,1,7,0,8,3,0,0,0,0,0,0,0,0,9,19,1,0,0,0,8,11,1,0,0,139,12,1,5,6,5,7,78,28,8,14,0,8,2,27
300,진관동,1,61,1,4,1,16,8,30,7,0,0,0,0,0,1,0,1,22,53,2,1,1,9,3,3,3,1,1,310,55,6,9,23,11,12,171,76,17,62,2,30,8,35
301,충정로2가,0,11,1,1,1,0,0,1,1,0,0,0,0,0,0,0,0,2,9,0,0,0,0,4,1,0,0,0,99,11,0,6,12,6,2,51,11,1,11,1,1,0,7
302,충정로3가,2,18,0,1,0,2,0,2,1,0,0,0,0,0,0,0,0,1,5,0,0,0,0,1,2,0,1,1,144,18,3,10,15,6,5,80,6,2,20,0,2,1,6
303,합동,0,0,0,1,1,1,0,1,0,0,0,0,0,0,0,0,0,0,0,0,0,0,1,0,0,0,0,0,22,4,0,3,1,0,1,9,0,2,0,0,1,0,2
304,미근동,0,3,0,1,0,1,0,0,1,0,0,0,0,0,0,0,0,2,4,0,0,0,0,3,2,0,0,0,70,7,0,2,6,3,2,39,6,1,3,0,0,0,7
305,냉천동,0,6,0,0,0,0,0,1,0,0,0,0,0,0,0,0,0,2,5,0,0,0,0,0,2,0,0,0,83,7,0,8,9,5,0,43,7,0,6,0,1,0,2
306,천연동,0,8,1,0,0,2,0,0,0,0,0,0,0,0,0,0,0,0,1,0,0,0,0,0,0,0,0,0,24,2,0,4,2,0,1,13,1,2,8,1,0,0,0
307,옥천동,0,0,1,0,0,1,0,0,0,0,0,0,0,0,0,0,0,1,5,0,1,0,0,0,0,0,0,0,19,1,0,1,0,0,0,13,6,1,0,1,0,1,0
308,영천동,0,8,0,1,0,1,0,3,2,0,0,0,0,0,0,0,0,3,11,0,0,0,0,5,0,0,0,0,25,1,0,1,2,0,1,15,14,1,8,0,3,0,8
309,현저동,1,15,0,1,1,1,0,0,1,0,0,0,0,0,0,0,0,0,1,0,0,0,1,0,0,1,1,1,5,2,0,0,1,0,0,4,1,2,16,0,0,2,4
310,북아현동,0,26,0,0,2,11,0,7,1,0,0,0,0,0,0,0,1,9,16,1,0,1,0,3,4,0,2,2,146,26,2,12,22,7,4,53,26,13,26,0,7,4,10
311,홍제동,2,75,2,4,6,18,0,17,10,4,0,0,0,0,0,0,1,30,53,0,1,0,4,22,10,0,0,0,456,41,7,23,42,19,12,237,84,24,77,2,21,1,50
312,대현동,0,12,1,0,2,2,2,6,3,0,1,0,0,0,0,0,0,6,10,0,1,0,1,4,0,0,0,0,265,68,4,44,29,18,17,84,16,4,12,1,7,1,10
313,대신동,0,11,1,0,0,1,2,3,1,0,0,0,0,0,0,0,0,5,1,0,0,0,0,0,0,0,1,1,44,5,0,6,4,3,1,18,6,1,11,1,3,1,4
314,신촌동,0,4,0,0,0,0,8,7,0,0,1,0,0,0,0,0,1,1,1,1,0,0,0,0,0,0,0,0,20,20,4,1,0,1,1,15,3,0,4,0,8,1,8
315,봉원동,0,2,0,0,1,0,0,0,0,0,0,0,0,0,0,0,0,0,0,0,0,0,0,0,0,0,0,0,1,0,0,0,0,0,0,1,0,1,2,0,0,0,0
316,창천동,0,21,5,0,1,6,10,14,7,1,0,0,1,0,0,0,1,18,36,1,0,0,2,28,4,0,1,1,762,63,11,114,50,39,34,287,55,7,21,6,15,2,52
317,연희동,0,56,8,1,2,14,1,21,11,0,0,0,0,0,0,1,1,14,29,0,1,1,1,3,6,1,1,1,378,89,5,58,28,19,15,135,44,16,56,8,22,4,24
318,홍은동,0,97,2,6,3,18,0,12,6,2,0,0,0,0,0,0,1,15,22,0,2,1,3,9,8,1,0,0,350,43,3,31,35,11,14,165,38,21,97,2,14,4,32
319,북가좌동,0,44,3,0,1,19,0,11,10,2,0,0,0,0,0,0,0,13,36,0,1,1,1,13,6,0,0,0,287,38,3,25,23,10,8,138,49,20,44,3,13,2,30
320,남가좌동,0,42,1,1,2,11,0,15,8,4,0,0,0,0,0,2,1,23,44,0,1,0,2,18,8,1,0,0,393,55,8,20,32,13,20,206,68,13,42,1,21,2,37
321,아현동,2,22,2,2,1,10,0,3,6,0,0,0,0,0,0,0,1,10,49,1,0,0,3,1,4,1,0,0,164,20,4,3,15,8,5,62,60,11,24,2,3,2,16
322,공덕동,2,21,1,5,1,9,0,9,9,1,0,1,0,0,0,2,0,15,44,0,1,1,2,5,7,0,0,0,395,36,8,17,26,27,15,175,59,10,23,1,13,2,28
323,신공덕동,0,9,0,1,0,4,0,7,2,0,0,1,0,0,0,0,0,4,14,0,0,0,1,4,0,0,0,0,64,11,3,2,6,7,2,21,18,4,9,0,8,0,8
324,도화동,1,38,3,6,3,12,0,9,11,0,1,0,0,0,0,0,1,12,75,1,0,0,0,23,6,0,0,0,489,46,7,25,42,26,18,189,88,15,39,3,10,1,46
325,용강동,0,8,1,4,1,3,0,4,4,1,0,0,0,0,0,0,0,2,5,0,1,0,2,15,4,0,0,0,171,9,2,6,5,13,4,88,7,4,8,1,5,1,29
326,토정동,0,2,0,0,0,1,0,0,0,0,0,0,0,0,0,0,0,1,0,0,0,0,0,0,0,0,0,0,3,0,0,1,0,0,0,1,1,1,2,0,0,0,0
327,마포동,0,2,1,2,0,5,0,1,0,0,0,0,0,0,0,0,1,0,1,0,0,0,0,0,1,0,0,0,45,1,0,5,0,1,2,20,2,5,2,1,1,0,3
328,대흥동,1,24,1,2,0,7,0,10,4,1,0,0,0,0,0,0,0,7,34,1,0,0,3,4,4,0,0,0,200,20,5,9,18,10,0,80,41,7,25,1,11,1,17
329,염리동,1,12,1,1,2,9,0,4,4,1,0,0,0,0,0,0,0,1,15,0,0,1,0,6,2,1,0,0,149,24,2,5,17,9,4,47,16,11,13,1,5,2,13
330,노고산동,1,14,0,0,0,3,0,4,7,0,1,0,0,0,0,0,1,7,51,1,0,0,2,8,2,0,1,1,171,24,3,8,12,8,7,74,59,3,15,0,5,2,20
331,신수동,0,25,1,2,0,8,0,6,3,1,0,0,0,0,0,1,2,5,6,0,0,1,1,4,2,0,0,0,168,33,3,9,9,6,7,61,13,8,25,1,8,1,12
332,현석동,0,0,0,0,0,1,0,1,0,0,0,0,0,0,0,0,0,0,0,0,0,0,1,0,0,0,0,0,9,1,1,0,2,1,0,1,0,1,0,0,1,0,1
333,구수동,0,5,0,1,0,0,0,3,2,0,1,0,0,0,0,0,0,0,6,0,0,0,0,0,1,0,0,0,32,3,1,0,0,2,2,13,6,0,5,0,4,0,4
334,창전동,1,34,0,2,1,5,0,4,6,0,1,0,0,0,0,0,0,3,12,0,1,0,1,1,1,1,1,1,147,15,2,10,7,4,5,46,15,6,35,0,5,3,12
335,상수동,1,18,1,2,1,1,0,11,3,0,0,0,0,0,0,0,0,2,7,0,0,0,2,1,1,0,1,1,335,26,0,30,14,22,8,71,9,2,19,1,11,1,10
336,하중동,0,4,0,0,0,0,0,0,0,0,0,0,0,0,0,0,0,0,1,0,0,0,0,0,0,0,0,0,3,0,0,0,0,0,0,3,1,0,4,0,0,0,0
337,신정동,3,165,10,27,6,61,0,56,49,3,2,0,0,0,0,0,7,50,184,2,3,2,2,79,27,4,0,0,1059,162,21,25,75,51,44,402,241,67,168,10,61,11,184
338,신정동,3,165,10,27,6,61,0,56,49,3,2,0,0,0,0,0,7,50,184,2,3,2,2,79,27,4,0,0,1059,162,21,25,75,51,44,402,241,67,168,10,61,11,184
339,당인동,0,1,1,1,0,0,0,0,0,0,0,0,0,0,0,0,0,0,0,0,0,0,1,0,0,0,0,0,9,2,0,1,0,0,0,3,0,0,1,1,0,0,2
340,서교동,1,58,17,3,1,9,5,36,28,0,0,1,0,0,0,2,0,17,56,1,1,1,1,37,16,1,0,0,1853,179,10,157,75,131,45,468,73,10,59,17,39,4,90
341,동교동,1,18,7,1,0,1,24,17,8,0,0,0,0,0,2,0,1,12,68,1,0,0,0,16,8,0,0,0,578,67,4,49,22,42,21,151,81,1,19,9,17,1,57
342,합정동,1,29,9,1,0,8,0,18,11,0,0,0,0,0,0,1,1,7,21,0,0,0,1,11,4,0,1,1,535,67,4,40,13,36,13,155,29,8,30,9,19,1,29
343,망원동,1,53,9,1,2,20,0,25,9,0,0,0,0,0,0,0,0,17,28,1,1,0,0,30,13,0,0,0,688,84,10,38,40,17,10,217,45,22,54,9,25,2,53
344,연남동,0,22,10,0,1,5,0,58,4,0,1,0,0,0,0,1,0,2,10,0,1,0,0,5,4,0,0,0,774,91,3,81,15,61,29,139,12,6,22,10,60,1,13
345,성산동,2,61,7,7,6,15,9,23,9,0,0,1,0,0,0,1,1,11,15,0,1,1,0,15,11,1,1,1,413,46,8,18,26,29,17,143,27,21,63,7,25,4,52
346,중동,0,8,0,0,0,5,0,2,1,0,0,0,0,0,0,0,0,3,11,0,0,0,0,0,2,0,0,0,42,4,2,3,5,1,0,16,14,5,8,0,2,0,3
347,상암동,0,89,3,6,2,9,0,16,17,0,0,0,0,0,0,0,1,15,56,0,1,1,8,5,6,1,0,0,666,101,7,26,30,62,28,245,72,11,89,3,16,3,42
348,목동,2,88,9,25,12,50,17,64,67,0,3,0,2,0,1,0,2,49,212,3,2,2,0,62,27,3,0,0,1168,185,18,53,82,59,54,420,263,62,90,12,67,10,198
349,신월동,0,80,2,13,11,45,0,24,13,0,0,0,0,0,0,1,3,26,89,2,3,1,0,79,39,3,0,0,922,89,12,13,67,22,24,422,118,56,80,2,25,9,144
350,염창동,0,37,1,8,4,13,0,13,15,0,2,0,0,0,0,0,2,15,43,0,1,0,1,11,6,2,0,0,226,46,4,33,20,11,7,114,60,17,37,1,15,3,41
351,등촌동,0,75,9,19,4,26,14,26,36,0,0,1,0,0,0,0,8,36,71,0,2,1,4,35,14,2,0,0,652,143,22,59,60,45,26,339,115,30,75,9,27,5,122
352,화곡동,3,189,10,16,17,81,5,52,56,0,2,0,0,0,0,0,12,79,196,1,4,1,4,153,60,4,1,1,2026,257,40,152,131,115,70,1130,287,98,192,10,54,11,295
353,가양동,0,44,3,5,2,18,0,9,19,2,0,1,0,0,0,0,0,15,34,0,0,0,4,9,8,0,1,1,204,47,5,6,13,6,8,126,49,20,44,3,12,1,46
354,마곡동,2,71,0,8,1,8,6,45,60,3,0,0,0,0,0,0,6,41,141,0,0,1,1,20,10,0,0,0,1381,300,14,201,44,146,71,738,188,9,73,0,48,1,105
355,내발산동,0,47,6,6,0,16,0,19,16,0,2,0,0,0,0,0,4,19,53,0,1,1,2,10,6,0,0,0,303,65,7,25,22,19,11,158,76,16,47,6,21,2,40
356,외발산동,0,20,0,0,0,0,0,3,0,0,0,0,0,0,0,0,0,0,1,0,0,0,0,0,0,0,0,0,32,4,0,7,1,3,1,17,1,0,20,0,3,0,0
357,공항동,1,40,1,3,1,8,0,7,4,0,0,0,0,0,0,0,0,8,19,0,0,0,1,20,6,0,0,0,286,36,7,15,13,6,10,184,27,9,41,1,7,0,34
358,방화동,3,76,2,9,7,33,10,36,15,0,1,0,0,0,0,1,4,22,60,0,2,1,4,49,17,1,1,1,656,110,12,51,47,24,25,366,86,40,79,2,38,5,105
359,개화동,0,10,0,0,0,0,0,0,0,0,0,0,0,0,0,0,0,0,0,1,0,1,1,0,0,0,0,0,3,3,0,0,1,0,0,2,0,0,10,0,0,2,1
360,과해동,0,3,0,0,0,0,0,0,0,0,0,0,0,0,0,0,1,1,0,0,0,0,0,0,0,0,0,0,1,2,1,0,0,0,0,1,2,0,3,0,0,0,0
361,오곡동,0,2,0,0,0,0,0,0,0,0,0,0,0,0,0,0,0,0,0,0,0,0,0,0,0,0,0,0,3,0,0,0,0,0,0,3,0,0,2,0,0,0,0
362,오쇠동,0,2,0,0,0,0,0,0,0,0,0,0,0,0,0,0,0,0,0,0,0,0,0,0,0,0,0,0,1,1,0,0,0,0,0,1,0,0,2,0,0,0,0
363,신도림동,2,41,2,7,0,12,5,18,8,0,0,1,1,0,0,0,0,15,60,2,0,1,1,11,4,1,0,0,256,48,8,7,21,14,11,124,75,12,43,3,19,4,36
364,구로동,3,154,5,20,6,63,18,39,39,0,13,3,1,0,0,0,5,78,214,2,3,2,3,150,34,5,0,0,2184,218,34,59,158,101,191,973,297,69,157,6,55,12,264
365,가리봉동,0,9,0,0,1,4,0,0,1,0,0,0,0,0,0,0,1,5,10,0,1,0,0,38,4,0,0,0,211,8,3,1,13,3,55,65,16,5,9,0,0,1,43
366,고척동,0,69,2,14,6,20,0,18,13,0,8,0,0,1,1,1,4,17,57,1,1,2,5,36,17,1,0,0,466,49,10,8,66,9,21,206,78,26,69,4,27,5,85
367,개봉동,0,87,0,5,8,31,1,21,15,1,3,0,0,0,0,0,3,28,93,3,1,0,4,36,13,3,0,0,499,72,11,7,47,11,24,236,124,39,87,0,25,7,74
368,오류동,0,45,2,2,2,18,0,8,9,0,1,0,0,0,1,0,3,16,60,0,1,0,2,16,5,1,1,1,312,37,10,7,29,11,15,155,79,20,45,3,9,3,35
369,궁동,0,31,0,1,1,4,0,3,0,0,0,0,0,0,0,0,0,3,7,0,1,1,0,4,2,1,0,0,55,10,2,0,9,0,2,29,10,5,31,0,3,3,7
370,온수동,1,15,0,0,0,5,0,3,2,0,0,0,0,0,0,0,0,2,7,1,0,0,2,2,2,0,0,0,56,11,1,0,2,2,2,35,9,5,16,0,3,1,8
371,천왕동,1,29,0,0,0,1,0,3,2,0,0,0,0,0,0,0,0,1,11,0,0,0,6,0,0,0,0,0,27,11,1,0,4,1,1,10,12,1,30,0,3,0,8
372,항동,0,30,1,0,0,1,0,3,4,0,0,0,0,0,0,0,0,1,9,0,0,0,1,0,1,0,0,0,48,17,2,1,3,3,4,20,10,1,30,1,3,0,6
373,가산동,1,105,1,13,5,14,6,19,24,1,0,0,0,0,5,0,1,11,69,0,1,0,0,40,33,1,0,0,1036,211,15,39,49,54,68,536,81,19,106,6,20,2,116
374,독산동,0,110,4,14,5,58,8,26,21,0,4,4,0,0,2,0,4,36,104,3,2,1,5,89,46,1,0,0,1100,114,12,32,84,18,79,521,144,63,110,6,34,7,183
375,시흥동,0,139,4,6,9,45,0,30,23,0,6,1,0,0,0,0,5,40,124,4,2,1,4,66,44,2,0,0,821,83,13,13,72,18,45,412,169,54,139,4,37,9,143
376,영등포동,0,14,0,1,1,3,7,11,2,0,0,0,1,0,0,0,0,6,14,0,1,0,1,14,1,0,0,0,162,27,4,11,17,8,12,81,20,4,14,1,11,1,26
377,영등포동1가,1,1,0,0,0,1,0,0,1,0,0,0,0,0,0,0,0,0,0,0,0,0,0,0,0,0,0,0,30,3,0,4,4,1,2,10,0,1,2,0,0,0,1
378,영등포동2가,0,5,0,0,1,2,0,0,1,0,0,0,0,0,0,0,0,4,0,1,0,0,1,2,2,0,0,0,50,14,0,2,5,0,2,33,4,3,5,0,0,1,6
379,영등포동3가,0,6,1,0,1,1,0,2,0,0,0,0,0,0,0,0,0,8,29,0,1,0,0,12,6,0,0,0,253,17,1,10,20,14,7,141,37,2,6,1,2,1,18
380,영등포동4가,0,8,1,0,0,0,12,21,3,0,0,0,1,0,1,0,3,11,21,0,0,1,0,4,4,0,0,0,164,41,6,18,9,19,13,64,35,0,8,3,21,1,23
381,영등포동5가,1,2,0,0,3,1,0,1,1,0,6,0,0,0,0,0,0,5,13,0,0,0,0,7,3,0,0,0,101,3,1,0,11,2,1,76,18,4,3,0,7,0,11
382,영등포동6가,0,3,0,1,0,0,0,1,0,0,0,0,0,0,0,0,0,2,17,0,0,0,0,7,2,0,0,0,71,7,0,2,6,5,5,38,19,0,3,0,1,0,10
383,영등포동7가,0,9,0,1,0,3,0,5,3,0,0,0,0,0,0,0,1,2,4,0,0,0,1,2,1,0,0,0,147,17,1,9,10,14,7,59,7,3,9,0,5,0,8
384,영등포동8가,0,7,0,1,0,2,0,2,4,0,0,1,0,0,0,0,2,3,9,0,0,0,0,0,2,0,0,0,69,15,5,3,6,5,4,34,14,2,7,0,3,0,7
385,여의도동,2,58,6,25,9,12,9,60,27,0,1,2,1,1,0,0,0,45,151,0,1,1,1,3,11,1,3,3,1676,252,18,155,130,160,77,745,196,21,60,8,63,6,79
386,당산동1가,0,5,1,2,0,2,0,2,2,0,1,0,0,0,0,0,0,4,6,0,0,0,0,2,0,0,0,0,135,12,3,3,10,5,6,62,10,2,5,1,3,0,6
387,당산동2가,0,6,1,0,0,1,0,1,0,0,1,0,0,0,0,0,0,1,7,0,0,0,0,3,1,0,0,0,87,6,1,2,11,1,3,45,8,1,6,1,2,0,4
388,당산동3가,2,5,0,2,1,2,0,7,6,0,1,0,0,0,0,0,0,2,19,0,0,0,1,20,9,0,0,0,295,30,1,11,29,18,10,139,21,3,7,0,8,0,38
389,당산동4가,0,6,0,0,0,4,0,3,5,0,0,0,0,0,0,0,0,5,16,0,0,0,3,2,2,0,0,0,109,28,1,5,11,9,6,48,21,4,6,0,3,0,12
390,당산동5가,0,19,2,2,1,5,0,6,7,0,1,0,0,0,0,0,0,6,27,0,1,0,3,4,2,0,0,0,84,15,2,9,5,5,2,36,33,6,19,2,7,1,18
391,당산동6가,0,5,0,5,1,2,0,1,5,0,0,0,0,0,0,0,0,6,31,0,0,1,0,5,4,0,0,0,128,12,5,3,12,3,5,67,37,3,5,0,1,1,19
392,당산동,1,17,0,2,1,4,0,1,1,0,0,0,0,0,0,0,0,0,0,0,0,0,0,1,1,1,0,0,37,8,1,1,3,4,3,19,0,5,18,0,1,1,5
393,도림동,0,24,0,2,2,14,0,7,4,1,1,0,0,0,0,0,0,7,12,1,0,0,1,12,3,0,0,0,149,19,0,4,20,1,14,62,19,16,24,0,9,1,22
394,문래동1가,0,3,0,0,0,0,0,0,0,0,0,0,0,0,0,0,0,0,1,0,0,0,0,0,0,0,0,0,30,2,0,0,2,0,2,21,1,0,3,0,0,0,0
395,문래동2가,0,3,1,0,0,1,0,1,0,0,0,0,0,0,0,0,1,1,3,0,0,0,0,1,2,0,0,0,111,9,1,13,2,4,2,47,5,1,3,1,1,0,3
396,문래동3가,1,20,0,6,1,3,0,7,10,0,1,1,0,0,0,0,0,11,33,0,1,0,1,6,9,1,0,0,312,47,7,21,22,19,13,155,44,4,21,0,9,2,32
397,문래동4가,0,2,0,0,0,1,0,0,0,0,0,0,0,0,0,0,0,1,2,0,0,0,2,1,2,0,0,0,62,4,0,2,8,3,3,35,3,1,2,0,0,0,5
398,문래동5가,0,6,0,2,1,1,0,0,1,0,0,0,0,0,0,0,0,0,0,0,0,0,1,0,1,0,0,0,23,5,0,1,1,0,2,11,0,2,6,0,0,0,5
399,문래동6가,0,8,0,2,0,2,0,2,3,0,0,0,0,0,0,0,1,3,12,0,0,0,1,0,0,0,0,0,60,9,1,2,5,5,1,25,16,2,8,0,2,0,6
400,양평동1가,0,10,0,0,0,0,0,5,1,0,2,0,0,0,0,0,0,1,3,0,1,0,0,1,1,0,0,0,124,14,1,2,15,14,5,63,4,0,10,0,7,1,3
401,양평동2가,1,6,1,3,0,3,0,3,2,0,0,0,0,0,0,0,0,3,7,0,0,0,0,3,1,0,0,0,104,10,1,0,7,1,2,58,10,3,7,1,3,0,9
402,양평동3가,0,13,0,0,1,5,0,6,4,0,1,2,0,0,0,0,0,2,4,0,0,0,0,1,2,1,0,0,83,16,5,2,8,4,6,33,6,6,13,0,9,1,7
403,양평동4가,0,8,0,5,0,4,0,5,3,0,0,0,0,0,0,0,0,3,14,1,0,0,0,8,3,0,0,0,233,26,1,11,9,11,9,125,17,4,8,0,5,1,19
404,양평동5가,0,6,0,0,1,1,0,4,3,0,0,0,0,0,0,0,1,4,7,0,0,0,0,1,1,0,0,0,73,11,0,4,3,2,3,32,12,2,6,0,4,0,5
405,양평동6가,0,4,1,0,0,1,0,0,0,0,0,0,0,0,0,0,0,0,0,0,0,0,0,0,0,0,0,0,17,2,0,0,0,0,2,7,0,1,4,1,0,0,0
406,양화동,0,6,0,0,0,0,0,0,0,0,0,0,0,0,0,0,0,0,0,0,0,0,0,0,0,0,0,0,5,1,0,1,0,0,0,1,0,0,6,0,0,0,0
407,신길동,1,142,5,12,8,43,0,26,28,3,2,0,0,0,0,0,4,40,127,2,2,2,10,65,18,1,0,0,855,96,10,23,99,30,48,432,171,51,143,5,31,7,133
408,대림동,1,66,1,8,6,23,0,16,5,0,3,0,0,0,0,0,3,39,78,0,2,0,0,127,13,1,0,0,895,58,11,5,63,10,273,306,120,29,67,1,19,3,153
409,양평동,0,0,0,0,0,0,0,0,0,0,0,0,0,0,0,0,0,0,0,0,0,0,1,0,0,0,0,0,0,0,0,0,0,0,0,0,0,0,0,0,0,0,1
410,노량진동,0,38,6,0,2,12,0,13,11,0,1,0,0,0,0,0,1,23,31,0,0,1,2,27,9,2,0,0,474,78,8,19,45,24,26,195,55,14,38,6,14,3,49
411,상도동,2,131,5,10,4,33,0,34,19,2,2,0,0,0,0,0,1,52,129,4,1,2,7,42,21,1,1,1,635,91,8,23,54,22,21,265,182,37,133,5,38,9,100
412,상도1동,1,16,0,0,0,5,0,6,3,0,0,0,0,0,0,0,1,6,24,0,0,0,0,7,0,1,0,0,111,27,3,7,13,5,4,39,31,5,17,0,6,1,10
413,본동,0,26,0,0,0,5,0,2,1,0,0,0,0,0,0,0,0,4,5,0,1,0,2,1,1,0,0,0,24,5,0,0,5,0,1,12,9,5,26,0,2,1,5
414,흑석동,0,50,3,3,3,13,0,7,5,0,1,0,0,0,0,0,1,24,39,2,0,0,4,8,12,1,0,0,336,41,6,25,30,13,11,131,64,16,50,3,8,3,32
415,동작동,1,16,0,0,0,1,0,3,1,0,0,0,0,0,0,0,0,0,0,1,0,0,1,0,0,0,0,0,5,3,0,0,1,0,0,2,0,1,17,0,3,1,2
416,사당동,5,82,5,9,5,42,8,35,16,0,1,0,0,1,0,0,3,44,151,2,2,0,4,62,14,1,0,0,928,125,15,40,64,56,22,389,198,47,87,6,36,5,113
417,대방동,2,50,3,5,3,13,0,9,13,0,1,0,0,1,0,1,1,17,58,1,2,0,0,9,6,1,0,0,207,34,6,8,16,8,9,79,76,16,52,4,11,4,33
418,신대방동,1,41,0,10,4,22,6,13,13,0,1,0,0,0,0,0,3,23,48,0,1,1,1,20,7,0,0,0,330,67,4,19,32,16,23,132,74,26,42,0,14,2,57
419,봉천동,2,210,16,26,10,91,5,66,71,3,5,0,0,1,1,1,6,95,269,5,3,2,5,101,33,3,0,0,2119,281,23,195,185,132,70,906,370,101,212,18,75,13,241
420,신림동,1,273,19,14,15,123,8,68,66,0,1,0,0,1,0,3,8,103,257,4,5,2,5,163,48,2,3,3,2330,306,33,154,248,109,94,1072,368,138,274,20,72,16,307
421,남현동,0,6,0,2,1,4,0,9,4,0,0,1,0,0,0,0,1,9,27,0,1,0,1,12,2,0,1,1,189,25,4,8,15,3,9,92,37,5,6,0,10,2,22
422,방배동,3,159,7,34,9,47,0,44,56,0,2,0,0,0,0,0,7,37,200,3,3,1,0,57,40,1,0,0,1153,209,24,97,96,72,44,508,244,56,162,7,46,8,187
423,양재동,0,70,3,19,5,21,0,36,20,0,1,2,0,0,0,0,1,22,74,0,1,1,0,71,52,1,0,0,963,142,23,68,55,42,31,490,97,26,70,3,39,3,162
424,우면동,0,38,1,1,1,6,0,7,7,0,0,0,0,0,0,0,0,6,25,1,1,0,0,1,5,0,2,2,83,38,2,2,14,7,5,26,31,7,38,1,7,4,16
425,원지동,0,7,0,0,0,0,0,0,0,0,0,0,0,0,0,0,0,0,1,0,0,0,0,0,0,0,0,0,29,9,0,2,2,0,0,19,1,0,7,0,0,0,0
426,잠원동,2,38,1,13,7,13,0,19,16,0,2,1,1,0,0,0,1,23,157,1,0,0,0,41,11,1,0,0,487,65,10,39,34,29,21,233,181,20,40,2,22,2,81
427,반포동,2,81,2,25,5,25,5,53,40,0,6,0,1,0,0,0,2,36,149,2,2,2,0,25,12,1,0,0,787,148,19,106,54,52,31,291,187,30,83,3,59,7,107
428,서초동,5,182,6,67,10,60,8,77,121,0,5,1,0,0,0,0,9,102,527,0,3,2,0,83,80,3,6,6,2140,374,30,187,146,128,89,992,638,70,187,6,83,14,365
429,내곡동,0,26,0,0,0,1,0,2,0,0,0,0,0,0,0,0,0,4,6,0,1,0,0,0,0,0,0,0,28,6,0,2,2,0,0,20,10,1,26,0,2,1,0
430,염곡동,0,13,0,0,1,1,0,1,0,0,0,0,0,0,0,0,0,0,1,1,0,0,0,0,0,0,0,0,5,7,0,0,1,0,0,2,1,2,13,0,1,1,0
431,신원동,0,24,0,0,1,2,0,1,0,0,0,0,0,0,0,0,0,2,5,0,0,0,0,1,0,1,0,0,51,16,2,0,1,2,1,30,7,3,24,0,1,1,1
432,역삼동,2,71,7,65,21,69,19,74,91,2,4,1,0,0,0,0,7,101,513,1,1,1,11,65,47,2,0,0,3057,375,63,492,211,209,112,1372,621,90,73,7,81,5,298
433,개포동,0,76,3,14,3,28,0,20,12,0,2,0,0,0,0,0,1,26,93,0,1,1,9,16,16,1,1,1,396,55,17,38,50,21,11,195,120,31,76,3,22,4,68
434,청담동,1,25,0,27,5,22,0,23,60,0,2,0,1,0,0,0,6,27,246,1,1,0,2,10,3,2,1,1,960,80,7,303,45,110,16,266,279,27,26,1,25,5,103
435,삼성동,6,56,1,37,6,29,31,67,37,3,0,0,1,1,2,0,6,34,173,1,2,1,6,18,12,1,0,0,1221,165,41,219,87,93,44,488,213,35,62,5,70,5,141
436,대치동,2,66,7,52,13,30,0,45,58,0,5,0,1,0,0,0,6,47,242,1,2,0,8,25,23,3,2,2,1363,206,41,171,140,106,59,599,295,43,68,8,50,8,168
437,논현동,3,44,3,48,16,53,21,49,75,4,3,0,0,0,0,0,16,76,414,0,2,1,2,34,27,1,0,0,2018,227,33,322,152,139,54,846,506,69,47,3,56,4,207
438,압구정동,0,17,2,3,1,10,0,42,2,0,1,0,3,0,0,0,0,6,14,1,1,0,2,0,0,0,0,0,98,23,5,16,14,11,5,31,20,11,17,5,43,2,7
439,세곡동,0,34,0,1,1,2,0,2,2,0,0,0,0,0,0,0,2,6,17,0,1,0,6,3,1,0,0,0,76,20,5,2,6,3,1,38,25,3,34,0,2,1,13
440,자곡동,0,17,0,2,0,4,0,4,1,0,0,0,0,0,0,0,0,5,10,0,0,0,6,0,0,2,1,1,80,15,3,5,3,3,3,38,15,4,17,0,4,3,10
441,율현동,0,12,0,1,0,0,0,2,1,0,0,0,0,0,0,0,0,1,5,0,0,1,0,0,0,0,0,0,29,6,1,2,1,1,1,16,6,0,12,0,2,1,2
442,일원동,2,41,2,13,2,13,0,13,7,0,1,0,0,0,0,0,1,25,50,0,1,0,4,17,8,2,1,1,221,31,10,18,30,12,9,107,76,15,43,2,14,4,50
443,수서동,1,27,0,6,0,7,0,10,4,0,0,0,0,0,0,0,1,14,41,1,1,1,4,4,6,0,0,0,194,28,8,6,27,11,7,108,56,7,28,0,10,3,24
444,도곡동,2,42,3,24,6,16,7,23,27,2,0,0,0,0,0,0,7,28,126,1,0,0,7,11,8,1,0,0,490,68,23,84,29,31,18,198,161,22,44,3,25,2,84
445,잠실동,4,42,4,15,7,33,0,48,42,1,3,0,1,1,0,0,0,55,178,3,1,2,8,62,16,3,1,1,1004,111,42,53,77,53,30,425,233,40,46,6,52,10,144
446,신천동,4,21,5,5,3,10,21,31,15,1,0,2,1,0,2,0,0,35,91,0,2,0,5,2,1,1,2,2,418,66,2,28,30,23,17,151,126,13,25,8,34,5,51
447,풍납동,0,32,1,3,3,20,0,11,6,1,0,0,0,0,0,0,2,36,29,1,1,0,3,19,3,0,0,0,217,20,2,3,26,7,6,112,67,23,32,1,12,2,34
448,송파동,0,19,2,9,2,21,0,23,31,1,0,0,0,0,0,0,2,23,65,1,0,0,4,26,10,0,0,0,579,72,6,44,53,35,13,185,90,23,19,2,24,1,80
449,석촌동,2,17,2,6,5,22,0,14,18,1,1,0,0,0,0,0,2,29,69,1,0,0,1,41,9,1,0,0,582,39,7,31,50,24,13,264,100,27,19,2,16,2,75
450,삼전동,1,12,0,8,2,18,0,11,19,1,0,0,0,0,0,0,3,16,43,0,1,0,1,25,10,0,0,0,314,30,4,16,25,14,6,137,62,20,13,0,12,1,63
451,가락동,5,61,3,19,5,31,0,27,20,5,0,0,0,0,0,0,7,51,122,1,1,1,5,115,19,1,0,0,937,101,6,30,66,74,25,448,180,36,66,3,32,4,178
452,문정동,1,48,2,16,5,23,17,29,35,1,1,1,0,0,1,0,3,34,100,1,1,0,11,34,12,0,0,0,1210,157,18,51,67,88,42,489,137,28,49,3,32,2,125
453,장지동,2,48,0,0,0,5,0,16,8,0,0,0,0,0,0,0,0,10,29,1,1,0,6,0,0,2,0,0,166,27,2,8,12,5,12,57,39,5,50,0,16,4,14
454,방이동,5,45,2,17,3,23,0,21,30,1,1,0,0,0,0,0,3,37,86,0,1,1,4,73,23,1,4,4,912,83,5,50,46,51,18,434,126,26,50,2,23,7,151
455,오금동,2,32,0,13,2,20,0,12,12,1,1,0,0,0,0,0,2,14,30,0,1,0,6,17,7,1,0,0,274,29,5,14,24,12,8,134,46,22,34,0,14,2,55
456,거여동,1,41,1,5,3,17,0,10,11,0,0,0,0,0,0,0,3,19,52,0,0,0,6,26,9,1,0,0,234,26,4,6,15,8,5,100,74,20,42,1,10,1,57
457,마천동,1,28,1,3,2,15,0,7,2,0,2,0,0,0,0,0,2,21,43,1,1,2,12,24,10,1,0,0,315,22,4,10,38,7,8,145,66,17,29,1,9,5,51
458,명일동,2,40,5,12,3,12,0,23,17,0,1,2,0,0,0,0,2,37,110,2,1,0,0,29,12,1,0,0,377,71,16,24,50,17,11,172,149,15,42,5,26,4,70
459,고덕동,1,40,1,1,1,10,0,13,6,1,0,0,0,0,0,0,1,10,35,0,1,1,1,8,4,1,1,1,208,49,5,17,26,10,9,87,46,11,41,1,14,4,21
460,상일동,2,59,1,6,1,11,0,11,5,0,0,0,0,0,0,0,1,7,10,0,1,1,2,8,2,1,0,0,188,41,8,6,16,7,10,88,18,12,61,1,11,3,23
461,길동,1,36,1,9,4,17,0,16,18,2,2,0,0,0,0,0,1,36,82,1,0,1,0,40,19,1,0,0,578,64,11,13,33,22,25,316,119,21,37,1,20,3,86
462,둔촌동,3,37,1,6,2,9,0,8,8,0,0,0,0,0,0,0,0,16,18,0,2,0,1,15,5,1,0,0,187,34,3,7,14,5,3,102,34,11,40,1,8,3,35
463,암사동,1,29,3,8,3,23,0,22,16,1,0,0,0,0,0,0,0,23,69,1,1,1,1,29,12,1,0,0,411,69,9,11,36,25,16,193,92,26,30,3,23,4,66
464,성내동,1,54,3,14,4,35,19,34,30,1,2,0,0,0,0,0,5,40,125,1,1,1,0,60,25,1,0,0,982,142,20,50,68,46,31,462,170,39,55,3,37,4,148
465,천호동,3,51,3,7,3,47,6,37,14,0,2,2,1,0,0,1,6,58,141,2,1,1,0,44,22,2,0,0,1001,136,28,37,77,51,34,472,205,50,54,4,42,6,93
466,강일동,0,49,0,1,0,9,0,8,3,0,0,0,0,0,0,0,0,13,28,0,1,0,4,1,1,1,0,0,58,16,4,1,4,5,2,22,41,9,49,0,8,2,10
