,상권_코드_명,관공서_수,은행_수,종합병원_수,일반_병원_수,약국_수,대학교_수,백화점_수,슈퍼마켓_수,극장_수,숙박_시설_수,공항_수,철도_역_수,버스_터미널_수,지하철_역_수,버스_정거장_수
0,개포로82길,0,1,0,0,1,0,0,0,0,0,0,0,0,1,2
1,선릉로18길,1,0,0,0,1,0,0,0,0,0,0,0,0,0,2
2,강남개포시장,0,0,0,0,0,0,0,0,0,0,0,0,0,0,0
3,개포로17길,2,3,0,0,1,0,0,0,0,0,0,0,0,0,3
4,개포로20길,0,3,0,0,2,0,0,0,0,0,0,0,0,0,3
5,개포로28길,1,0,0,0,1,0,0,0,0,0,0,0,0,0,3
6,논현로10길,0,1,0,0,1,0,0,0,0,0,0,0,0,0,3
7,논현로8길,0,1,0,0,0,0,0,0,0,0,0,0,0,0,3
8,포이사거리_1,0,0,0,0,0,0,0,0,0,0,0,0,0,0,0
9,강남대로118길,1,0,0,1,3,0,0,0,0,0,0,0,0,0,0
10,강남대로136길,1,3,0,0,3,0,0,1,0,0,0,0,0,1,1
11,강남대로140길,0,3,0,1,3,0,0,0,0,0,0,0,0,1,1
12,논현로115길,2,2,1,2,3,0,0,0,0,0,0,0,0,1,1
13,논현로123길,1,2,0,1,2,0,0,0,0,0,0,0,0,0,0
14,논현로139길,0,3,0,2,3,2,0,0,0,0,0,0,0,0,1
15,학동로6길,1,2,0,0,3,0,0,1,0,0,0,0,0,0,0
16,강남구 논현역_2,1,2,0,0,3,0,0,1,0,0,0,0,0,0,1
17,강남구 논현역_3,0,0,0,0,0,0,0,0,0,0,0,0,0,1,0
18,서울 강남구 학동역_1,0,1,0,0,0,0,0,0,0,0,0,0,0,0,0
19,학동역,0,1,0,1,1,0,0,0,0,0,0,0,0,0,0
20,강남구 신사역_2,0,2,0,1,3,0,0,0,0,0,0,0,0,0,0
21,영동전통시장,0,0,0,0,0,0,0,0,0,0,0,0,0,0,0
22,도산대로30길,2,2,0,2,2,2,0,0,0,0,0,0,0,0,1
23,도산대로38길,2,3,0,2,2,2,0,0,0,0,0,0,0,0,1
24,도산대로50길,2,3,0,1,3,0,0,0,0,0,0,0,0,0,1
25,봉은사로29길,0,3,1,2,3,0,0,0,0,0,0,0,0,1,1
26,봉은사로43길,2,3,0,1,2,1,0,0,0,0,0,0,0,1,2
27,선릉로121길,1,3,0,0,3,1,0,0,0,0,0,0,0,1,1
28,선릉로133길,3,3,0,1,3,0,0,0,0,0,0,0,0,1,2
29,학동로38길,2,3,0,2,2,0,0,0,0,0,0,0,0,1,2
30,삼정역_2,0,0,0,1,0,0,0,0,0,0,0,0,0,0,0
31,서울 강남구 학동역_2,0,1,0,0,0,0,0,0,0,0,0,0,0,1,0
32,서울 강남구 강남구청역_1,0,0,0,0,1,0,0,0,0,0,0,0,0,0,0
33,서울 강남구 학동역_3,0,1,0,1,1,0,0,0,0,0,0,0,0,0,0
34,서울 강남구 강남구청역_2,1,1,0,0,1,0,0,0,0,0,0,0,0,0,0
35,학동사거리_1,0,2,0,0,0,0,0,0,0,0,0,0,0,0,0
36,삼성로57길,3,3,1,0,3,1,1,0,0,0,0,0,0,1,1
37,서울 강남구 대치역_1,0,1,0,0,1,0,0,0,0,0,0,0,0,0,0
38,서울 강남구 대치역_2,0,1,0,0,1,0,0,0,0,0,0,0,0,0,0
39,은마아파트입구사거리_1,0,0,0,0,1,0,0,0,0,0,0,0,0,0,0
40,삼성로64길,2,2,0,1,2,0,0,0,0,0,0,0,0,0,2
41,영동대로65길,1,2,0,0,1,0,0,0,0,0,0,0,0,0,2
42,은마아파트입구사거리_2,0,0,0,0,0,0,0,0,0,0,0,0,0,0,0
43,은마아파트입구사거리_4,0,1,0,0,0,0,0,0,0,0,0,0,0,0,0
44,삼성역_1,0,3,0,0,1,0,0,0,0,0,0,0,0,0,1
45,삼성역_2,0,0,0,1,0,0,0,0,0,0,0,0,0,0,0
46,삼성로63길,2,3,1,0,3,1,1,0,0,0,0,0,0,0,1
47,삼성로69길,2,2,1,0,3,0,0,0,0,0,0,0,0,0,1
48,삼성로75길,0,3,0,1,2,1,0,0,0,0,0,0,0,0,1
49,은마아파트입구사거리_3,0,0,0,0,0,0,0,0,0,0,0,0,0,0,0
50,서울 강남구 한티역,0,0,0,0,1,0,1,0,0,0,0,0,0,0,0
51,선릉역_2,0,3,0,1,1,1,0,0,0,0,0,0,0,0,1
52,남부순환로365길,2,1,0,1,3,0,0,0,0,0,0,0,0,0,2
53,양재역,0,1,0,1,2,0,0,0,0,0,0,0,0,0,0
54,뱅뱅사거리_1,0,1,0,1,0,0,0,0,0,0,0,0,0,0,0
55,논현로26길,3,3,0,0,2,0,0,0,0,0,0,0,0,1,3
56,논현로28길,2,1,0,0,1,0,0,0,0,0,0,0,0,1,2
57,매봉역,0,0,0,0,0,0,0,0,0,0,0,0,0,0,0
58,봉은사로109길,1,2,0,1,0,0,0,0,0,0,0,0,0,1,1
59,영동대로112길,1,3,0,2,1,0,0,0,0,0,0,0,0,1,1
60,테헤란로81길,1,3,0,0,2,0,1,0,0,0,0,0,0,1,2
61,포스코사거리_2,0,3,0,0,1,0,0,0,0,0,0,0,0,0,0
62,코엑스,0,3,0,0,1,0,1,0,0,0,0,0,0,1,1
63,삼성역_3,0,2,0,0,0,0,0,0,0,0,0,0,0,0,1
64,강남 마이스 관광특구,0,3,0,0,1,0,1,0,0,0,0,0,0,1,1
65,봉은사로57길,2,2,0,0,1,1,0,0,0,0,0,0,0,1,1
66,봉은사로68길,1,2,0,0,1,0,0,0,0,0,0,0,0,0,2
67,삼성로115길,2,2,0,1,1,0,0,0,0,0,0,0,0,1,1
68,학동로56길,2,2,0,0,3,0,0,0,0,0,0,0,0,1,1
69,서울 강남구 선릉역_1,0,1,0,0,0,0,0,0,0,0,0,0,0,1,0
70,선정릉역_1,0,0,0,0,0,0,0,0,0,0,0,0,0,0,0
71,포스코사거리_1,0,1,0,0,0,0,0,0,0,0,0,0,0,0,0
72,선정릉역_2,1,0,0,0,0,1,0,0,0,0,0,0,0,1,0
73,서울 강남구 수서역,0,1,0,0,2,0,0,0,0,0,0,0,0,1,1
74,논현로159길,1,3,0,0,3,0,0,0,0,0,0,0,0,0,0
75,도산대로15길,0,1,0,1,2,0,0,0,0,0,0,0,0,0,0
76,도산대로23길,0,2,0,1,3,0,0,0,0,0,0,0,0,0,1
77,압구정로2길,1,0,0,0,2,0,0,0,0,0,0,0,0,0,1
78,신사동 가로수길,1,3,0,0,3,0,0,0,0,0,0,0,0,1,1
79,도산공원사거리_1,0,2,0,2,0,0,0,0,0,0,0,0,0,0,0
80,서울 강남구 압구정역,0,3,0,2,3,0,0,0,0,0,0,0,0,1,0
81,압구정 로데오거리_2,0,3,0,2,3,0,0,0,0,0,0,0,0,1,0
82,논현로106길,1,3,1,2,3,0,0,0,0,0,0,0,0,1,1
83,논현로63길,0,2,0,2,3,0,0,0,0,0,0,0,0,0,2
84,뱅뱅사거리_2,0,2,0,0,1,0,0,0,0,0,0,0,0,0,0
85,역삼역_1,0,0,0,0,0,0,0,0,0,0,0,0,0,0,0
86,서울 강남구 강남역,2,2,0,0,2,0,0,0,0,0,0,0,0,0,0
87,서울 강남구 역삼역_1,1,3,0,0,2,0,0,0,0,0,0,0,0,1,0
88,서울 강남구 역삼역_2,0,3,0,0,0,0,0,0,0,0,0,0,0,0,0
89,서울 서초구 강남역,1,3,0,1,3,0,0,0,0,0,0,0,0,1,1
90,서울 강남구 선릉역_2,1,2,0,1,1,0,0,0,0,1,0,0,0,0,0
91,삼정역_1,0,0,1,0,0,0,0,0,0,0,0,0,0,0,0
92,도곡로37길,1,3,1,2,3,1,0,0,0,0,0,0,0,0,3
93,언주로81길,1,3,0,2,3,0,0,0,0,1,0,0,0,1,2
94,역삼역_2,0,0,0,0,1,0,0,0,0,0,0,0,0,0,0
95,선릉역_1,0,2,0,0,1,0,0,0,0,0,0,0,0,0,0
96,도곡시장,0,0,0,0,0,0,0,0,0,0,0,0,0,0,0
97,일원로3길,2,1,0,0,3,0,0,0,0,0,0,0,0,0,2
98,일원로9길,2,1,1,0,3,0,0,0,0,0,0,0,0,0,3
99,도산대로81길,2,3,0,0,1,1,1,0,0,0,0,0,0,0,1
100,도산대로89길,2,2,0,0,1,0,0,0,0,0,0,0,0,0,0
101,삼성로147길,3,3,0,1,3,1,0,0,0,0,0,0,0,0,1
102,선릉로132길,2,3,0,2,3,0,0,0,0,0,0,0,0,1,1
103,선릉로146길,2,2,0,1,2,1,0,0,0,0,0,0,0,0,1
104,학동로77길,3,3,0,2,3,0,0,0,0,0,0,0,0,0,1
105,학동사거리_2,0,0,0,0,0,0,0,0,0,0,0,0,0,0,0
106,청담사거리_1,0,0,0,0,0,0,0,0,0,0,0,0,0,0,0
107,청담사거리_2,0,0,0,0,0,0,0,0,0,0,0,0,0,0,0
108,청담역_1,0,0,0,1,0,0,0,0,0,0,0,0,0,0,0
109,청담역_2,0,2,0,1,1,0,0,0,0,0,0,0,0,0,0
110,청담사거리_3,2,1,0,0,1,0,0,0,0,0,0,0,0,0,0
111,압구정 로데오거리_1,0,2,0,0,1,1,0,0,0,0,0,0,0,0,0
112,청담삼익시장,0,0,0,0,0,0,0,0,0,0,0,0,0,0,0
113,고덕로61길,1,0,0,0,1,0,0,0,0,0,0,0,0,0,1
114,동남로85길,0,0,0,0,1,0,0,0,0,0,0,0,0,0,1
115,동남로82길,0,0,0,0,0,0,0,0,0,0,0,0,0,0,1
116,고덕전통시장,0,0,0,0,1,0,0,0,0,0,0,0,0,0,0
117,양재대로116길,1,2,0,1,3,0,0,0,0,0,0,0,0,1,1
118,양재대로124길,1,2,0,1,3,0,0,0,0,0,0,0,0,0,2
119,진황도로47길,3,3,0,2,3,0,0,0,0,0,0,0,0,1,1
120,천호대로187길,3,3,0,2,3,0,0,0,0,0,0,0,0,1,2
121,천호대로197길,2,0,0,0,2,0,0,0,0,0,0,0,0,0,2
122,서울 강동구 길동역,0,3,0,2,3,0,0,0,0,0,0,0,0,1,0
123,길동복조리시장,1,0,0,0,1,0,0,0,0,0,0,0,0,0,0
124,명일로13길,2,1,0,2,3,0,0,0,0,0,0,0,0,0,2
125,양재대로96길,0,1,0,0,3,0,0,0,0,0,0,0,0,1,2
126,상암로51길,3,3,0,2,3,1,0,0,0,0,0,0,0,1,2
127,천중로51길,2,2,0,2,3,1,0,0,0,0,0,0,0,1,1
128,서울 강동구 명일역,1,1,0,0,2,0,0,0,0,0,0,0,0,1,1
129,명일골목시장,0,0,0,0,0,0,0,0,0,0,0,0,0,0,0
130,동남로65길,1,0,0,0,0,0,0,0,0,0,0,0,0,0,2
131,서울 강동구 고덕역,0,2,0,0,3,0,0,0,0,0,0,0,0,1,0
132,상일로5길,1,1,0,0,1,0,0,0,0,0,0,0,0,0,2
133,천호대로219길,1,1,0,0,1,0,0,0,0,0,0,0,0,0,1
134,성내로5길,3,2,0,2,2,0,0,0,0,0,0,0,0,1,2
135,성안로3길,3,2,0,1,1,2,0,0,0,0,0,0,0,1,2
136,올림픽로48길,3,3,0,2,1,0,0,0,0,0,0,0,0,1,2
137,천호대로162길,1,1,0,2,3,0,0,0,0,0,0,0,0,1,1
138,천호대로170길,1,2,1,1,3,1,0,0,0,0,0,0,0,1,2
139,천호옛14길,2,1,0,2,3,0,0,0,0,0,0,0,0,1,1
140,천호옛길,3,1,0,2,3,0,0,0,0,0,0,0,0,1,2
141,풍성로37가길,1,0,0,2,2,0,0,0,0,0,0,0,0,0,1
142,서울 강동구 천호역_1,0,1,0,0,0,0,0,0,0,0,0,0,0,0,0
143,성내골목시장,0,0,0,0,0,0,0,0,0,0,0,0,0,0,0
144,강동대로53길,1,2,0,0,2,3,0,0,0,0,0,0,0,1,2
145,양재대로101길,1,3,1,2,3,1,0,0,0,0,0,0,0,1,2
146,양재대로91길,1,1,0,0,3,0,0,0,0,0,0,0,0,1,1
147,양재대로95길,1,1,0,0,2,0,0,0,0,0,0,0,0,1,2
148,서울 강동구 둔촌동역,0,0,0,0,1,0,0,0,0,0,0,0,0,0,0
149,둔촌역전통시장,0,0,0,0,1,0,0,0,0,0,0,0,0,1,0
150,고덕로10길,1,2,0,0,3,0,0,0,0,0,0,0,0,1,2
151,암사길,1,0,0,0,1,1,0,1,0,0,0,0,0,0,1
152,올림픽로98길,1,2,0,0,3,0,0,1,0,0,0,0,0,1,1
153,암사종합시장,0,0,0,0,0,0,0,0,0,0,0,0,0,0,0
154,상암로5길,0,2,0,0,3,0,0,0,0,0,0,0,0,1,2
155,고덕로25길,1,0,0,0,0,0,0,0,0,0,0,0,0,0,1
156,양지골목시장,0,0,0,0,0,0,0,0,0,0,0,0,0,0,0
157,구천면로36길,2,0,0,0,3,0,0,0,0,2,0,0,0,0,1
158,구천면로42길,1,0,0,0,2,2,0,0,0,0,0,0,0,0,1
159,양재대로133길,2,3,0,2,3,2,0,0,0,0,0,0,0,1,1
160,천중로39길,2,2,0,2,3,1,0,0,0,0,0,0,0,1,1
161,고분다리골목시장,0,0,0,0,0,0,0,0,0,0,0,0,0,0,0
162,구천면로41길,0,0,0,1,3,1,0,0,0,0,0,0,0,0,2
163,상암로14길,1,2,0,1,3,0,0,0,0,0,0,0,0,1,1
164,상암로4길,1,2,0,1,3,0,0,0,0,0,0,0,0,1,1
165,올림픽로71길,1,1,0,1,3,0,0,0,0,0,0,0,0,1,1
166,올림픽로77길,2,1,0,0,2,0,0,0,0,1,0,0,0,0,1
167,올림픽로78길,2,1,0,0,2,0,0,0,0,2,0,0,0,0,1
168,올림픽로80길,2,0,0,0,3,0,0,0,0,3,0,0,0,0,1
169,서울 강동구 천호역_2,1,1,0,1,2,0,0,0,0,1,0,0,0,0,1
170,동서울시장,0,0,0,0,0,0,0,0,0,1,0,0,0,0,0
171,천호시장,0,0,0,0,0,0,0,0,0,0,0,0,0,0,0
172,진황도로27길,1,2,1,2,3,1,0,0,0,2,0,0,0,0,1
173,도봉로45길,3,2,0,2,3,1,0,0,0,0,0,0,0,1,1
174,도봉로67길,1,1,0,0,3,2,0,1,0,0,0,0,0,0,1
175,도봉로76길,1,2,1,1,3,2,0,1,0,1,0,0,0,0,3
176,솔매로41길,2,1,0,1,3,2,0,0,0,0,0,0,0,1,1
177,솔매로45길,1,2,0,1,3,2,0,1,0,0,0,0,0,1,1
178,덕릉로41길,2,3,0,1,3,0,0,0,0,1,0,0,0,1,3
179,오패산로67길,2,2,1,1,3,2,0,0,0,1,0,0,0,1,3
180,한천로124나길,2,2,0,1,2,0,0,0,0,0,0,0,0,1,2
181,한천로130길,2,1,0,1,2,0,0,0,0,0,0,0,0,1,3
182,한천로132길,2,2,0,1,3,0,0,0,0,0,0,0,0,1,3
183,서울 강북구 수유역_1,0,0,0,0,1,0,0,0,0,0,0,0,0,1,0
184,번동북부골목시장,0,0,0,0,0,0,0,0,0,0,0,0,0,0,0
185,덕릉로40길,1,0,0,0,2,2,0,0,0,1,0,0,0,0,3
186,한천로109길,1,0,0,0,2,0,0,0,0,0,0,0,0,0,3
187,삼양로27길,1,1,0,0,3,0,0,0,0,0,0,0,0,1,3
188,솔샘시장,0,0,0,0,0,0,0,0,0,0,0,0,0,0,0
189,삼양로41길,2,1,0,0,3,0,0,0,0,0,0,0,0,1,3
190,동북시장,0,0,0,0,0,0,0,0,0,0,0,0,0,0,0
191,도봉로18길,2,1,0,2,1,1,0,0,0,0,0,0,0,0,3
192,도봉로8길,1,1,0,2,3,0,1,2,0,0,0,0,0,1,3
193,솔매로50길,3,2,0,2,3,2,0,0,0,0,0,0,0,1,3
194,오패산로30길,0,0,0,0,2,2,0,0,0,0,0,0,0,0,3
195,오패산로52길,1,0,0,0,0,2,0,0,0,0,0,0,0,0,3
196,서울 강북구 미아삼거리역_1,0,0,0,1,1,0,1,0,0,0,0,0,0,0,1
197,방천골목시장,0,0,0,0,0,0,0,0,0,0,0,0,0,0,0
198,도봉로13길,2,1,0,1,3,0,1,2,0,0,0,0,0,1,2
199,삼양로20길,1,0,0,0,1,0,0,0,0,0,0,0,0,0,1
200,삼양로24길,2,1,0,0,3,0,0,0,0,0,0,0,0,0,2
201,삼양로54길,2,1,0,0,2,0,0,0,0,0,0,0,0,1,2
202,솔샘로65길,3,1,0,2,2,0,0,0,0,0,0,0,0,0,1
203,숭인시장,0,0,0,0,1,0,0,2,0,0,0,0,0,1,0
204,삼양로77길,2,0,0,0,2,0,0,0,0,0,0,0,0,0,3
205,수유로12길,2,2,1,1,3,0,0,1,0,0,0,0,0,1,3
206,수유전통시장,0,0,0,0,1,0,0,1,0,0,0,0,0,0,0
207,노해로23길,0,0,0,1,2,0,0,0,0,0,0,0,0,0,1
208,노해로33길,2,0,0,0,2,3,0,0,0,0,0,0,0,0,3
209,우이시장,0,0,0,0,0,0,0,0,0,0,0,0,0,0,0
210,노해로17길,2,1,0,1,3,0,0,0,0,0,0,0,0,1,2
211,도봉로99길,1,1,1,1,2,0,0,0,0,0,0,0,0,0,2
212,삼각산로28길,3,2,1,1,3,0,0,0,0,0,0,0,0,0,3
213,한천로139가길,1,2,0,1,3,0,0,0,0,0,0,0,0,0,3
214,한천로140길,1,2,0,1,3,0,0,0,0,0,0,0,0,1,2
215,서울 강북구 수유역_2,1,1,0,0,1,0,0,0,0,0,0,0,0,0,1
216,서울 강북구 수유역_3,0,0,0,0,0,0,0,0,0,0,0,0,0,0,0
217,강북종합시장,0,0,0,0,0,0,0,0,0,0,0,0,0,0,0
218,장미원골목시장,0,0,0,0,0,0,0,0,0,0,0,0,0,0,0
219,삼양로93길,2,0,0,1,2,1,0,1,0,0,0,0,0,1,2
220,인수봉로56길,2,0,0,1,1,2,0,1,0,0,0,0,0,1,3
221,인수봉로72길,2,0,0,1,2,1,0,0,0,0,0,0,0,1,2
222,인수봉로79길,3,0,0,1,0,0,0,0,0,0,0,0,0,0,3
223,수유북부시장,0,0,0,0,0,0,0,1,0,0,0,0,0,0,0
224,양천로49길,1,1,0,0,1,0,0,0,0,0,0,0,0,1,2
225,공항대로8길,1,2,0,0,2,2,0,0,0,0,1,0,0,1,2
226,남부순환로11길,0,0,0,0,0,2,0,0,0,0,1,0,0,0,1
227,방화대로21길,0,1,0,0,3,2,0,2,0,0,0,0,0,1,2
228,방화대로6라길,0,1,0,0,0,2,0,1,0,0,1,0,0,0,2
229,서울 강서구 송정역,0,1,0,0,1,0,0,0,0,0,0,0,0,1,1
230,공항대로55길,0,1,0,0,2,0,0,0,0,0,0,0,0,1,1
231,공항대로59길,1,3,0,1,3,0,0,0,0,0,0,0,0,1,2
232,화곡로64길,1,2,1,0,3,1,0,0,0,0,0,0,0,1,2
233,등마루시장,0,0,0,0,0,0,0,0,0,0,0,0,0,0,0
234,등촌로39길,2,0,0,1,1,3,0,0,0,0,0,0,0,0,0
235,등촌로51길,1,1,0,1,2,0,0,0,0,0,0,0,0,0,0
236,등촌로55길,1,2,0,0,2,0,0,0,0,0,0,0,0,1,1
237,서울 강서구 발산역,0,1,0,1,0,0,0,0,0,0,0,0,0,0,1
238,강서로47길,1,1,1,2,3,0,0,0,0,0,0,0,0,0,2
239,강서로47라길,1,1,1,2,3,0,0,0,0,0,0,0,0,0,2
240,송화골목시장,0,0,0,0,1,0,0,0,0,0,0,0,0,0,0
241,양천로24가길,1,1,0,2,3,0,0,0,0,0,0,0,0,0,3
242,양천로24길,1,1,0,2,3,0,0,0,0,0,0,0,0,1,3
243,양천로26길,1,1,0,1,1,0,0,0,0,1,0,0,0,0,2
244,초원로16길,0,0,0,0,2,0,0,0,0,0,0,0,0,1,2
245,방신전통시장,0,0,0,0,0,0,0,0,0,0,0,0,0,0,0
246,개화동로23길,2,3,1,0,3,0,0,2,0,0,1,0,0,1,2
247,개화동로25길,2,3,1,0,3,0,0,2,0,0,1,0,0,1,2
248,양천로14길,0,0,0,1,3,0,0,0,0,1,0,0,0,1,3
249,공항시장,0,0,0,0,0,0,0,0,0,0,0,0,0,0,0
250,공항대로59다길,2,3,0,0,3,0,0,0,0,0,0,0,0,1,2
251,공항대로61길,1,3,0,1,3,0,0,0,0,0,0,0,0,1,2
252,양천로71길,0,0,0,0,2,0,0,0,0,0,0,0,0,0,2
253,양천로73가길,0,0,0,1,2,0,0,0,0,0,0,0,0,1,2
254,공항대로38길,0,1,0,2,3,0,0,0,0,1,0,0,0,1,2
255,공항대로42길,1,0,0,2,2,0,0,0,0,0,0,0,0,0,2
256,우장산로6길,1,0,1,2,2,2,0,0,0,0,0,0,0,0,1
257,화곡로31길,3,3,0,2,3,0,0,0,0,0,0,0,0,1,3
258,가로공원로76가길,0,1,0,1,3,0,0,0,0,0,0,0,0,0,1
259,가로공원로80길,0,0,0,1,3,0,0,0,0,0,0,0,0,0,1
260,강서로15길,1,1,0,1,3,0,0,0,0,0,0,0,0,1,2
261,강서로17가길,1,1,0,1,2,0,0,0,0,0,0,0,0,1,1
262,강서로29길,1,3,0,2,3,0,0,0,0,0,0,0,0,1,2
263,강서로5가길,1,1,0,0,2,0,0,0,0,0,0,0,0,1,1
264,강서로5나길,1,0,0,0,2,0,0,0,0,0,0,0,0,0,1
265,월정로20길,1,0,0,0,2,0,0,0,0,0,0,0,0,0,1
266,화곡로20길,1,1,0,1,2,0,0,0,0,0,0,0,0,0,2
267,화곡중앙골목시장,0,0,0,0,1,0,0,0,0,0,0,0,0,0,0
268,강서로5라길,1,0,0,0,1,0,0,0,0,0,0,0,0,0,2
269,곰달래로31길,2,0,0,0,1,0,0,0,0,0,0,0,0,0,2
270,곰달래로47길,0,0,0,0,1,0,0,0,0,0,0,0,0,0,3
271,국회대로7길,1,0,0,0,2,0,0,0,0,0,0,0,0,0,2
272,강서로35길,2,2,0,2,3,0,0,0,0,0,0,0,0,1,1
273,강서로45길,0,2,0,0,3,0,0,0,0,0,0,0,0,1,1
274,강서로45다길,1,1,0,2,3,0,0,0,0,0,0,0,0,1,1
275,곰달래로53길,1,0,0,0,2,0,0,0,0,0,0,0,0,0,3
276,곰달래로60길,1,1,1,0,3,2,0,0,0,0,0,0,0,0,1
277,등촌로13길,1,0,0,0,2,0,0,0,0,0,0,0,0,0,2
278,등촌로5길,2,1,0,0,3,0,0,0,0,0,0,0,0,0,1
279,남부골목시장,0,0,0,0,1,0,0,0,0,0,0,0,0,0,0
280,화곡로44나길,2,1,0,0,1,2,0,0,0,0,0,0,0,0,2
281,화곡로59길,3,3,1,0,2,1,0,0,0,0,0,0,0,0,2
282,강서구청,2,2,0,0,1,0,0,0,0,0,0,0,0,0,1
283,강서로18길,1,1,0,1,2,0,0,0,0,0,0,0,0,1,3
284,강서로8길,2,1,0,0,2,0,0,0,0,0,0,0,0,1,2
285,곰달래로25길,2,1,0,0,3,0,0,0,0,0,0,0,0,1,2
286,까치산시장,0,1,0,0,1,0,0,0,0,0,0,0,0,1,0
287,까치산로4길,1,0,0,1,3,0,0,0,0,0,0,0,0,0,2
288,초록마을로3길,2,0,0,0,1,2,0,0,0,0,0,0,0,0,2
289,초록마을로8길,1,0,0,0,0,0,0,0,0,0,0,0,0,0,3
290,화곡본동시장,0,0,0,0,1,0,0,0,0,0,0,0,0,0,0
291,관악로10길,2,1,0,0,3,2,0,0,0,2,0,0,0,0,2
292,관악로14길,2,2,0,2,3,0,0,0,0,2,0,0,0,0,1
293,남부순환로234길,1,0,0,1,2,2,0,0,0,0,0,0,0,0,2
294,낙성대시장,0,0,0,0,0,0,0,0,0,0,0,0,0,0,0
295,난곡로24길,1,0,0,0,1,0,0,1,0,0,0,0,0,0,1
296,난곡로26길,1,0,0,0,2,0,0,1,0,0,0,0,0,0,1
297,난곡로34길,1,0,0,1,3,0,0,1,0,0,0,0,0,0,2
298,법원단지9길,0,0,0,0,3,0,0,0,0,0,0,0,0,0,3
299,법원단지길,1,0,0,1,3,0,0,0,0,0,0,0,0,0,2
300,우림시장,0,0,0,0,0,0,0,1,0,0,0,0,0,0,0
301,난향길,0,0,0,0,1,0,0,0,0,0,0,0,0,0,3
302,남현2길,1,1,0,0,2,1,0,0,0,0,0,0,0,0,0
303,남현3길,1,1,0,0,3,0,0,0,0,0,0,0,0,1,1
304,남현길,1,1,0,0,1,1,0,0,0,0,0,0,0,0,0
305,승방길,1,1,0,0,1,1,0,0,0,0,0,0,0,1,1
306,관악구 사당역_3,0,0,0,0,0,0,0,0,0,0,0,0,0,1,0
307,대학14길,1,0,0,0,0,0,0,0,0,0,0,0,0,0,1
308,대학길,2,0,0,0,1,3,0,0,0,0,0,0,0,0,3
309,신림로11길,2,0,0,0,1,3,0,0,0,0,0,0,0,0,3
310,호암로20길,2,1,0,0,3,0,0,0,0,2,0,0,0,0,3
311,호암로24길,2,1,0,0,3,0,0,0,0,2,0,0,0,0,3
312,서울 관악구 대학동_1,0,0,0,0,0,0,0,0,0,0,0,0,0,0,1
313,난우길,1,1,0,1,3,0,0,0,0,0,0,0,0,0,3
314,남부순환로142길,1,2,0,2,3,0,0,1,0,1,0,0,0,0,3
315,남부순환로172길,2,0,0,1,2,2,0,0,0,2,0,0,0,0,1
316,미성5길,1,1,0,1,3,0,0,0,0,0,0,0,0,0,3
317,미성동도깨비시장,0,0,0,1,1,0,0,0,0,0,0,0,0,0,0
318,당곡길,1,2,1,0,3,0,0,0,0,0,0,0,0,0,2
319,봉천로13길,0,0,0,0,2,0,0,0,0,0,0,0,0,0,3
320,양산길,1,0,0,0,3,0,0,0,0,2,0,0,0,0,2
321,양지길,0,0,0,0,2,0,0,0,0,2,0,0,0,0,2
322,원신길,1,0,0,0,1,0,0,0,0,0,0,0,0,0,2
323,삼성동시장,0,0,0,0,0,0,0,0,0,2,0,0,0,0,0
324,신신림시장,0,0,0,0,0,0,0,0,0,0,0,0,0,0,0
325,복은길,1,0,0,0,1,0,0,0,0,0,0,0,0,0,3
326,서림7길,1,0,0,0,1,0,0,0,0,0,0,0,0,0,3
327,신림로28길,2,1,0,0,3,0,0,0,0,2,0,0,0,0,3
328,신림로38길,1,0,0,0,1,0,0,0,0,0,0,0,0,0,2
329,신림로48길,0,0,0,0,1,0,0,0,0,0,0,0,0,0,2
330,서울 관악구 신림역_1,0,0,0,0,0,0,0,0,0,0,0,0,0,0,1
331,서울 관악구 신림역_2,0,0,0,1,1,0,0,0,0,0,0,0,0,0,0
332,구암길,1,0,0,0,2,0,0,0,0,0,0,0,0,0,3
333,은천로25길,1,0,0,0,2,0,0,0,0,0,0,0,0,0,2
334,관천로22길,1,3,0,0,3,0,0,0,0,2,0,0,0,0,2
335,신림동길,0,1,0,0,3,0,0,0,0,2,0,0,0,1,2
336,신림로64길,2,2,1,1,3,0,0,0,0,2,0,0,0,1,3
337,신림로65길,1,2,0,1,3,0,0,0,0,2,0,0,0,1,2
338,서울 관악구 신림역_3,0,0,0,0,1,0,0,0,0,1,0,0,0,0,0
339,서울 관악구 신림역_4,0,1,0,0,1,0,0,0,0,1,0,0,0,1,0
340,관천로15길,1,0,0,0,1,0,0,1,0,1,0,0,0,0,1
341,난곡로74길,1,0,0,0,3,0,0,1,0,0,0,0,0,1,2
342,남부순환로151길,1,1,0,1,3,1,0,2,0,1,0,0,0,0,3
343,남부순환로161길,2,1,0,1,2,2,0,1,0,1,0,0,0,0,1
344,신사로20길,1,0,0,0,1,0,0,1,0,0,0,0,0,1,1
345,관악신사시장,0,0,0,0,1,0,0,0,0,0,0,0,0,0,0
346,신림종합시장,0,0,0,0,0,0,0,1,0,0,0,0,0,0,0
347,신원로3길,3,1,0,1,3,1,0,0,0,0,0,0,0,0,3
348,신원시장,0,0,0,0,0,0,0,0,0,0,0,0,0,0,0
349,국회단지길,1,0,0,0,1,0,0,0,0,0,0,0,0,0,3
350,봉천로33길,2,1,0,1,3,0,0,1,0,0,0,0,0,1,3
351,봉일시장,0,0,0,0,0,0,0,0,0,0,0,0,0,0,0
352,낙성대역길,2,2,0,0,3,0,0,2,0,0,0,0,0,1,3
353,남부순환로248길,0,1,0,0,3,0,0,2,0,0,0,0,0,1,1
354,인헌길,0,0,0,0,3,0,0,2,0,0,0,0,0,0,2
355,인헌시장,0,0,0,0,1,0,0,1,0,0,0,0,0,0,0
356,조원로10길,2,2,0,0,3,0,0,0,0,1,0,0,0,1,3
357,조원로18길,1,1,0,2,3,0,0,1,0,1,0,0,0,0,2
358,조원중앙로2길,1,1,0,1,3,0,0,1,0,0,0,0,0,0,3
359,강남골목시장,0,0,0,0,0,0,0,0,0,0,0,0,0,0,0
360,신림중앙시장,0,0,0,0,0,0,0,1,0,0,0,0,0,0,0
361,양녕로6길,0,3,0,2,3,0,0,1,0,0,0,0,0,1,2
362,중앙길,1,2,0,0,3,0,0,0,0,0,0,0,0,1,3
363,봉천중앙시장,0,0,0,0,0,0,0,0,0,0,0,0,0,0,0
364,장군봉1길,1,1,0,0,3,0,0,1,0,0,0,0,0,1,1
365,장군봉2길,1,0,0,0,3,0,0,0,0,0,0,0,0,1,2
366,청룡8길,2,1,0,0,3,0,0,1,0,0,0,0,0,1,2
367,청룡길,1,3,0,2,3,0,0,1,0,0,0,0,0,0,1
368,소담길,1,0,0,0,2,0,0,1,0,0,0,0,0,0,1
369,서울 관악구 서울대입구역_1,0,3,0,2,3,0,0,0,0,2,0,0,0,1,0
370,봉천제일종합시장,0,0,0,0,0,0,0,1,0,0,0,0,0,0,0
371,관악로30길,1,1,1,1,3,0,0,0,0,2,0,0,0,0,2
372,청림3길,2,0,1,1,2,0,0,0,0,2,0,0,0,0,2
373,관악로28길,1,1,1,1,3,0,0,0,0,2,0,0,0,0,1
374,행운1길,1,1,1,2,3,0,0,0,0,1,0,0,0,1,2
375,행운길,3,2,0,1,3,0,0,0,0,0,0,0,0,1,2
376,서울 관악구 서울대입구역_2,0,0,0,0,0,0,0,0,0,0,0,0,0,0,0
377,중부시장,0,1,0,0,0,0,0,0,0,0,0,0,0,0,0
378,아차산로78길,2,3,0,0,0,3,0,0,0,0,0,0,0,1,2
379,광나루로36길,2,2,0,1,1,2,0,0,0,0,0,0,0,0,2
380,광나루로40길,0,2,0,0,2,0,0,0,0,0,0,0,0,0,1
381,아차산로51길,2,3,1,0,2,3,0,0,0,0,0,0,0,1,2
382,아차산로55길,2,1,0,0,2,0,0,0,0,0,0,0,0,1,2
383,자양로26길,1,2,0,0,1,2,0,0,0,0,0,0,0,0,2
384,서울 광진구 구의역,0,1,0,0,1,0,0,0,0,0,0,0,0,1,0
385,광나루로37길,1,1,0,1,1,1,0,0,0,0,0,0,0,0,2
386,자양로50길,1,0,0,0,2,1,0,0,0,0,0,0,0,1,2
387,천호대로129길,1,0,0,0,3,0,0,0,0,0,0,0,0,1,3
388,구의시장,0,0,0,0,0,0,0,0,0,0,0,0,0,0,0
389,광나루로52길,1,1,0,0,3,0,0,1,0,0,0,0,0,0,2
390,아차산로65길,0,2,0,0,3,0,0,1,0,0,0,0,0,0,2
391,서울 광진구 강변역,0,1,0,0,1,0,0,0,0,0,0,0,0,0,0
392,어린이대공원역,0,0,0,0,0,0,0,0,0,0,0,0,0,0,0
393,서울 광진구 군자역,0,1,0,1,1,0,0,0,0,0,0,0,0,0,0
394,능동로34길,2,2,0,2,3,0,0,0,0,0,0,0,0,1,1
395,아차산로40길,1,2,1,0,2,3,0,1,0,0,0,0,0,0,2
396,자양로11길,1,2,1,0,3,1,0,0,0,0,0,0,0,0,3
397,자양로15길,1,3,1,0,3,3,0,0,0,0,0,0,0,1,1
398,자양골목시장,0,0,0,0,0,1,0,0,0,0,0,0,0,0,0
399,뚝섬로48길,0,1,0,0,1,0,0,1,0,0,0,0,0,0,2
400,뚝섬로54길,1,0,0,0,1,0,0,1,0,0,0,0,0,0,1
401,뚝섬로58길,1,0,0,0,2,0,0,0,0,0,0,0,0,0,2
402,뚝섬로64길,0,0,0,0,1,0,0,0,0,0,0,0,0,0,1
403,자양종합시장,0,0,0,0,0,0,0,1,0,0,0,0,0,0,0
404,능동로4길,2,1,0,0,1,0,0,0,0,0,0,0,0,1,2
405,뚝섬로23길,2,2,0,0,3,0,1,1,0,0,0,0,0,0,3
406,자양번영로3길,1,1,0,0,1,0,0,1,0,0,0,0,0,0,2
407,건대입구역,0,1,0,0,0,0,1,0,0,0,0,0,0,0,0
408,능동로3길,2,1,0,0,3,0,0,1,0,0,0,0,0,1,2
409,동일로18길,0,3,0,1,3,0,1,1,0,0,0,0,0,0,2
410,뚝섬로24길,2,0,0,0,2,0,0,1,0,0,0,0,0,1,2
411,서울 광진구 건대입구역_1,0,0,0,0,0,0,0,0,0,0,0,0,0,0,0
412,노룬산골목시장,0,0,0,0,0,0,0,1,0,0,0,0,0,0,0
413,영동교골목시장,0,0,0,0,0,0,0,0,0,0,0,0,0,0,0
414,조양시장,0,0,0,0,0,0,0,0,0,0,0,0,0,0,0
415,긴고랑로7길,1,0,0,0,3,0,0,1,0,0,0,0,0,1,3
416,긴고랑로8길,1,0,0,0,2,0,0,1,0,0,0,0,0,0,2
417,중곡제일시장,0,0,0,0,1,0,0,1,0,0,0,0,0,0,0
418,긴고랑로20길,2,1,0,0,3,0,0,1,0,0,0,0,0,0,3
419,용마산로21길,2,1,0,1,3,0,0,1,0,0,0,0,0,1,3
420,용마산로3길,0,2,0,1,3,0,0,0,0,0,0,0,0,1,2
421,천호대로109길,2,3,0,1,3,0,0,0,0,0,0,0,0,1,2
422,천호대로123길,2,1,0,0,3,0,0,0,0,0,0,0,0,1,3
423,긴고랑로9길,2,0,0,1,3,0,0,1,0,0,0,0,0,1,3
424,면목로17길,2,0,0,0,2,0,0,1,0,0,0,0,0,1,3
425,면곡골목시장,0,0,0,0,0,0,0,1,0,0,0,0,0,0,0
426,자양로45길,1,1,0,0,3,0,0,0,0,0,0,0,0,1,3
427,자양로53길,0,1,0,0,3,0,0,0,0,0,0,0,0,0,3
428,신성골목시장,0,0,0,0,0,0,0,0,0,0,0,0,0,0,0
429,광나루로12길,2,3,0,0,2,0,0,0,0,0,0,0,0,0,1
430,광나루로24길,0,1,1,0,1,3,0,0,0,0,0,0,0,1,1
431,능동로13길,1,3,1,0,3,3,0,0,0,0,0,0,0,1,1
432,능동로19길,2,2,1,0,3,3,0,0,0,0,0,0,0,1,1
433,동일로24길,0,3,0,1,3,0,0,0,0,0,0,0,0,0,1
434,서울 광진구 건대입구역_2,0,1,0,0,2,0,0,0,0,0,0,0,0,1,0
435,한아름시장,0,0,0,0,0,0,0,0,0,0,0,0,0,0,0
436,화양제일골목시장,0,0,0,0,0,0,0,0,0,0,0,0,0,0,0
437,구로동로7길,0,3,0,0,2,0,0,0,0,3,0,0,0,1,2
438,도림로6길,1,0,0,0,3,0,0,0,0,3,0,0,0,1,2
439,디지털로27길,1,3,0,0,2,0,0,0,0,3,0,0,0,1,2
440,우마길,0,0,0,0,3,0,0,0,0,3,0,0,0,1,2
441,구로디지털단지역,0,0,0,0,0,0,0,0,0,3,0,0,0,0,0
442,가리봉시장,0,0,0,0,0,0,0,0,0,2,0,0,0,0,0
443,개봉로23가길,1,2,0,2,3,0,0,2,0,0,0,0,0,1,3
444,경인로31길,2,1,0,0,2,2,0,0,0,0,0,0,0,0,3
445,경인로35길,3,1,0,1,3,2,0,2,0,0,0,0,0,1,3
446,고척로21나길,0,0,0,0,1,0,0,0,0,0,0,0,0,0,3
447,고척로27길,1,0,0,0,3,0,0,0,0,0,0,0,0,0,3
448,개봉로17길,2,2,0,0,2,0,0,1,0,0,0,0,0,0,3
449,개봉로17다길,3,2,0,0,3,2,0,1,0,0,0,0,0,1,3
450,개봉로20길,2,2,0,0,3,0,0,1,0,0,0,0,0,1,2
451,남부순환로97길,1,1,0,1,2,0,0,1,0,0,0,0,0,1,2
452,개봉중앙시장,0,0,0,0,0,0,0,1,0,0,0,0,0,0,0
453,개봉로11길,2,2,0,0,3,0,0,2,0,0,0,0,0,0,3
454,개봉로1길,0,0,0,0,1,0,0,1,0,0,0,0,0,0,1
455,개봉로2길,2,2,0,0,3,0,0,1,0,0,0,0,0,0,3
456,개봉로3길,1,1,0,0,2,0,0,1,0,0,0,0,0,0,2
457,개봉동 현대아파트 인근,1,1,0,0,2,0,0,0,0,0,0,0,0,0,1
458,경인로47길,1,2,1,0,1,3,0,0,0,2,0,0,0,1,2
459,고척로52길,2,1,0,1,1,0,0,2,0,2,0,0,0,0,3
460,중앙로1길,1,2,1,1,2,2,0,2,0,1,0,0,0,1,2
461,고척로27다길,2,0,0,0,2,0,0,0,0,0,0,0,0,0,3
462,중앙로15길,2,0,0,1,1,0,0,0,0,0,0,0,0,0,3
463,고척근린시장,0,0,0,0,1,0,0,0,0,0,0,0,0,0,0
464,구로동로15길,2,3,0,0,2,0,0,0,0,3,0,0,0,0,2
465,구로동로28길,3,1,1,0,3,0,0,1,0,3,0,0,0,0,2
466,구로동로38길,2,1,1,1,3,0,0,1,0,2,0,0,0,0,2
467,구로동로41길,1,1,1,1,3,0,0,1,0,3,0,0,0,0,1
468,구로동로42길,2,1,0,0,1,0,1,1,0,2,0,0,0,0,2
469,구로중앙로19길,2,2,1,0,2,0,0,1,0,3,0,0,0,0,2
470,도림로12길,1,0,0,0,1,0,0,0,0,3,0,0,0,1,1
471,디지털로32가길,3,3,0,0,3,0,0,0,0,2,0,0,0,0,3
472,디지털로32길,2,3,0,0,3,1,0,0,0,1,0,0,0,1,3
473,구로디지탈1단지,2,3,0,0,1,0,0,0,0,0,0,0,0,0,2
474,구로동로8길,3,1,0,0,3,0,0,0,0,3,0,0,0,1,1
475,구로중앙로7길,3,0,0,0,2,0,0,1,0,3,0,0,0,0,2
476,구로중앙로8길,0,3,0,0,3,0,0,1,0,1,0,0,0,1,3
477,대림역_1,0,0,0,0,0,0,0,0,0,0,0,0,0,0,0
478,남구로시장,1,0,0,0,0,0,0,0,0,3,0,0,0,0,0
479,공원로6가길,1,0,0,1,2,2,0,0,0,0,0,0,0,0,3
480,구로중앙로28길,2,1,0,0,2,2,0,0,0,1,0,0,0,0,3
481,구로중앙로34길,2,0,0,1,2,2,1,0,0,1,0,0,0,0,2
482,새말로18길,1,0,0,1,2,0,0,0,0,0,0,0,0,0,3
483,대림역_2,0,0,0,0,0,0,0,0,0,0,0,0,0,0,1
484,구로역,0,0,0,1,0,0,1,0,0,0,0,0,0,0,0
485,부일로11길,1,0,0,0,0,0,0,1,0,0,0,0,0,0,3
486,부일로15길,1,0,0,0,1,0,0,1,0,0,0,0,0,0,3
487,부일로1길,0,0,0,0,0,0,0,0,0,0,0,0,0,1,1
488,구로중앙로42길,2,3,0,0,1,1,0,2,0,0,0,0,0,1,2
489,신도림로13길,1,0,0,0,0,1,0,0,0,0,0,0,0,1,1
490,신도림역,0,1,0,0,2,0,0,0,0,0,0,0,0,1,1
491,경인로15길,1,1,0,0,2,0,0,0,0,0,0,0,0,0,2
492,오류동역,1,2,0,0,2,0,0,0,0,0,0,0,0,0,1
493,오류시장,0,0,0,0,0,0,0,0,0,0,0,0,0,0,0
494,오류로8길,1,2,0,1,3,2,0,0,0,0,0,0,0,1,2
495,가산로5길,1,1,0,2,2,0,0,0,0,2,0,0,0,0,3
496,남부순환로112길,1,1,0,1,3,0,0,0,0,3,0,0,0,0,3
497,벚꽃로56길,0,3,0,0,3,0,0,0,0,3,0,0,0,1,3
498,시흥대로153길,1,1,0,1,2,0,0,0,0,3,0,0,0,0,3
499,가산디지털단지역_1,2,2,0,0,0,0,0,0,0,0,0,0,0,0,1
500,가산디지털단지역_2,0,3,0,0,1,0,0,0,0,0,0,0,0,0,1
501,가산디지털단지역_3,1,3,0,0,2,0,0,0,0,3,0,0,0,1,3
502,가산로3길,2,2,0,0,1,0,0,0,0,2,0,0,0,0,3
503,금하로1길,0,0,0,0,0,0,0,0,0,0,0,0,0,0,1
504,범안로11길,2,1,0,0,1,0,0,0,0,1,0,0,0,1,3
505,범안로17길,0,0,0,0,1,0,0,0,0,1,0,0,0,0,3
506,시흥대로141길,1,3,0,2,3,0,0,0,0,2,0,0,0,0,3
507,서울 금천구 독산1동_1,1,1,0,1,2,0,0,0,0,0,0,0,0,0,1
508,독산동 우시장,0,0,0,0,0,0,0,0,0,0,0,0,0,0,0
509,독산로64길,2,0,0,0,1,1,0,0,0,0,0,0,0,0,3
510,시흥대로84길,1,1,0,0,3,0,0,0,0,0,0,0,0,0,1
511,시흥대로94길,1,1,0,0,2,1,0,0,0,2,0,0,0,0,2
512,독산로108길,2,1,0,1,2,0,0,0,0,0,0,0,0,0,2
513,독산로85길,1,2,0,0,2,0,0,0,0,0,0,0,0,0,1
514,문성로5길,1,0,0,0,2,0,0,1,0,0,0,0,0,0,2
515,시흥대로138길,1,3,0,2,3,0,0,0,0,0,0,0,0,0,3
516,시흥대로150길,1,2,0,1,3,0,0,1,0,0,0,0,0,0,3
517,남문시장,0,0,0,0,0,0,0,0,0,0,0,0,0,0,0
518,푸른터시장,0,0,0,0,0,0,0,1,0,0,0,0,0,0,0
519,독산로70길,2,0,0,0,2,1,0,0,0,0,0,0,0,0,2
520,독산로78다길,2,0,0,0,2,0,0,0,0,0,0,0,0,0,2
521,시흥대로120길,2,3,0,2,3,1,0,0,0,0,0,0,0,0,2
522,금하로14길,1,2,0,1,3,0,0,0,0,1,0,0,0,0,3
523,시흥대로62가길,2,3,1,2,3,0,0,0,0,2,0,0,0,0,2
524,시흥대로63길,2,2,1,2,3,0,0,0,0,2,0,0,0,1,3
525,시흥대로68길,2,2,1,2,3,0,0,0,0,2,0,0,0,0,3
526,서울 금천구 시흥1동_4,1,2,0,1,3,0,0,0,0,0,0,0,0,0,1
527,현대시장,0,0,0,0,1,0,0,0,0,0,0,0,0,0,0
528,시흥대로22길,1,1,0,0,1,0,0,0,0,1,0,0,0,0,2
529,시흥대로36길,1,1,0,0,1,0,0,0,0,1,0,0,0,0,1
530,박미시장,0,0,0,0,0,0,0,0,0,0,0,0,0,0,0
531,독산로40길,1,0,0,0,2,0,0,0,0,0,0,0,0,0,3
532,독산로50길,0,0,0,0,0,0,0,0,0,0,0,0,0,0,2
533,금하로24길,0,0,0,0,3,0,0,0,0,0,0,0,0,0,3
534,은행나무시장,0,0,0,0,1,0,0,0,0,0,0,0,0,0,0
535,동일로173가길,3,2,0,2,3,1,0,1,0,0,0,0,0,1,3
536,동일로192길,2,3,0,1,3,3,0,1,0,0,0,0,0,1,3
537,공릉동도깨비시장,0,0,0,0,0,0,0,0,0,0,0,0,0,0,0
538,동일로242길,0,0,0,0,1,0,0,0,0,0,0,0,0,1,1
539,상계로12길,1,1,0,2,3,0,0,0,0,2,0,0,0,0,3
540,상계로1길,1,0,0,0,3,0,0,0,0,0,0,0,0,1,3
541,상계로9가길,3,1,0,1,3,0,0,0,0,2,0,0,0,1,3
542,서울 노원구 노원역_3,0,0,0,0,2,0,0,0,0,0,0,0,0,1,1
543,한글비석로24길,1,1,0,0,3,0,0,0,0,2,0,0,0,1,2
544,한글비석로44길,1,0,0,0,3,0,0,0,0,2,0,0,0,0,3
545,상계중앙시장,0,0,0,0,1,0,0,0,0,2,0,0,0,0,0
546,서울 노원구 노원역_1,0,1,0,1,2,0,0,0,0,0,0,0,0,0,0
547,서울 노원구 노원역_2,0,2,0,0,0,0,0,0,0,0,0,0,0,0,1
548,석계로1길,1,0,0,0,2,2,0,0,0,0,0,0,0,1,3
549,등나무근린공원 주변,0,0,0,0,0,0,0,0,0,0,0,0,0,0,0
550,한글비석로22길,0,2,0,0,3,0,0,0,0,2,0,0,0,1,2
551,공릉로58길,1,2,1,0,2,3,0,0,0,0,0,0,0,0,3
552,도봉로169나길,3,1,0,0,1,1,0,0,0,0,0,0,0,1,3
553,도봉로181길,1,0,0,0,1,0,0,0,0,0,0,0,0,0,1
554,도봉산4길,0,0,0,0,0,0,0,0,0,0,0,0,0,1,1
555,도봉산길,0,0,0,0,1,0,0,0,0,0,0,0,0,1,1
556,시루봉로23길,2,1,0,1,2,0,0,1,0,0,0,0,0,1,3
557,신도봉시장,0,0,0,0,0,0,0,1,0,0,0,0,0,0,0
558,도봉로152가길,3,1,0,0,1,1,0,0,0,1,0,0,0,1,3
559,도봉로156길,2,1,0,0,1,0,0,0,0,1,0,0,0,0,3
560,도당로19길,0,1,0,0,2,0,0,1,0,0,0,0,0,0,2
561,도당로29길,1,1,0,2,3,0,0,1,0,0,0,0,0,1,2
562,도봉로143길,2,1,0,2,2,0,0,0,0,0,0,0,0,0,3
563,도봉로147길,2,2,0,2,3,0,0,0,0,0,0,0,0,1,2
564,방학로6가길,1,1,0,0,2,0,0,0,0,0,0,0,0,0,2
565,도당로13가길,1,0,0,0,2,0,0,0,0,0,0,0,0,0,1
566,도당로13바길,1,0,0,0,2,0,0,0,0,0,0,0,0,0,2
567,방학로10길,1,1,0,0,2,0,0,0,0,0,0,0,0,0,3
568,방학동도깨비시장,0,0,0,0,1,0,0,0,0,0,0,0,0,0,0
569,방학로15길,1,0,0,0,1,0,0,0,0,0,0,0,0,0,3
570,삼양로144길,2,0,0,0,1,3,0,0,0,0,0,0,0,1,1
571,우이천로32길,3,0,0,0,0,3,0,0,0,0,0,0,0,0,3
572,백운시장,0,0,0,0,0,0,0,0,0,0,0,0,0,0,0
573,방학로5길,2,2,0,2,3,0,0,0,0,2,0,0,0,0,3
574,노해로60길,1,2,0,1,3,0,0,0,0,1,0,0,0,1,2
575,도봉로109길,2,2,1,1,3,0,0,0,0,0,0,0,0,1,3
576,쌍문역골목시장,0,0,0,0,0,0,0,0,0,0,0,0,0,0,0
577,도봉로114길,1,2,0,1,3,0,0,0,0,1,0,0,0,1,2
578,창동신창시장,0,0,0,0,1,0,0,0,0,0,0,0,0,0,0
579,덕릉로60길,1,0,0,0,3,0,0,1,0,0,0,0,0,0,3
580,우이천로4다길,2,0,0,0,3,0,0,0,0,0,0,0,0,0,3
581,창동골목시장,0,0,0,0,0,0,0,0,0,0,0,0,0,0,1
582,창동역,1,1,0,0,2,0,0,0,0,0,0,0,0,0,1
583,노해로63다길,2,1,0,0,2,0,0,0,0,0,0,0,0,1,1
584,해등로16길,3,1,0,2,2,0,0,0,0,0,0,0,0,0,1
585,사가정로2길,2,3,0,1,2,0,0,1,0,0,0,0,0,1,2
586,전농로3길,0,2,0,0,3,0,0,2,0,0,0,0,0,0,1
587,동부시장,0,0,0,0,0,0,0,0,0,0,0,0,0,0,0
588,답십리로56길,1,1,0,0,2,0,0,2,0,0,0,0,0,0,1
589,답십리로60길,2,0,0,1,2,0,0,1,0,0,0,0,0,0,1
590,전농로4길,2,1,0,2,2,0,0,2,0,0,0,0,0,0,1
591,답십리현대시장,0,0,0,0,0,0,0,2,0,0,0,0,0,0,0
592,답십리시장,0,0,0,0,0,0,0,0,0,0,0,0,0,0,0
593,난계로30길,2,3,0,2,1,0,0,2,0,2,0,0,0,1,1
594,무학로16길,2,1,0,0,1,0,0,0,0,0,0,0,0,0,1
595,무학로45길,0,1,0,1,1,3,0,0,0,0,0,0,0,0,2
596,왕산로32길,0,3,0,1,3,0,0,0,0,2,0,0,0,1,2
597,천호대로12길,1,1,1,0,1,0,0,1,0,1,0,0,0,0,1
598,천호대로17길,1,1,1,0,3,0,0,0,0,1,0,0,0,1,1
599,천호대로45길,0,1,0,0,2,0,0,0,0,3,0,0,0,1,2
600,서울 동대문구 신설동역_1,0,0,0,1,0,0,0,0,0,0,0,0,0,0,0
601,서울 동대문구 신설동역_2,0,1,0,1,0,0,0,0,0,0,0,0,0,1,0
602,청량리수산시장,0,0,0,0,0,0,0,0,0,1,0,0,0,0,0
603,천장산로7길,1,1,0,0,1,3,0,0,0,0,0,0,0,0,1
604,휘경로23길,1,0,0,0,1,0,0,0,0,0,0,0,0,1,1
605,휘경로2길,1,1,0,0,3,3,0,0,0,0,0,0,0,1,1
606,휘경로3길,2,0,0,0,3,3,0,0,0,0,0,0,0,1,2
607,이문로42길,2,0,0,0,2,0,0,0,0,0,0,0,0,1,2
608,이문제일시장,0,0,0,0,0,0,0,0,0,0,0,0,0,0,0
609,답십리로64길,1,0,0,2,3,0,0,0,0,0,0,0,0,0,2
610,답십리로68길,1,1,0,2,3,0,0,0,0,1,0,0,0,0,2
611,답십리로72길,0,2,0,0,2,0,0,0,0,1,0,0,0,0,2
612,장한로14길,1,1,0,0,1,0,0,0,0,0,0,0,0,0,1
613,장한로25길,0,1,0,2,3,0,0,0,0,1,0,0,0,0,2
614,장한로26길,0,2,0,2,3,0,0,0,0,1,0,0,0,0,2
615,장한로5길,2,3,0,2,3,0,0,1,0,0,0,0,0,0,2
616,장한로8길,0,3,0,2,3,0,0,1,0,0,0,0,0,1,2
617,천호대로77길,2,3,0,2,3,0,0,2,0,0,0,0,0,1,2
618,천호대로97길,0,2,0,1,1,0,0,1,0,0,0,0,0,1,1
619,한천로14길,2,1,0,2,3,0,0,1,0,1,0,0,0,0,2
620,장한평역_1,0,2,0,1,1,0,0,0,0,0,0,0,0,0,1
621,장한평역_2,0,1,0,2,0,0,0,0,0,0,0,0,0,0,1
622,답십리로63길,1,1,0,2,3,0,0,0,0,0,0,0,0,0,1
623,답십리로69길,1,0,0,1,3,1,0,0,0,0,0,0,0,0,2
624,사가정로23가길,1,0,0,0,2,1,0,0,0,0,0,0,0,0,3
625,장한로26가길,1,2,0,1,3,0,0,0,0,1,0,0,0,0,3
626,장한로27가길,2,2,0,2,3,0,0,0,0,0,0,0,0,0,2
627,장한로27길,0,1,0,2,3,0,0,0,0,0,0,0,0,0,2
628,한천로40길,1,0,0,0,2,0,0,0,0,0,0,0,0,0,2
629,한천로46길,1,0,0,0,1,0,0,0,0,0,0,0,0,0,3
630,장안동사거리,0,1,0,1,2,0,0,0,0,1,0,0,0,0,1
631,전곡시장,0,0,0,0,0,0,0,0,0,0,0,0,0,0,0
632,답십리로23길,1,0,0,1,2,0,0,0,0,2,0,0,0,0,1
633,서울시립대로16길,1,1,0,0,3,0,0,0,0,0,0,0,0,0,1
634,서울시립대로29길,1,0,1,0,1,3,0,0,0,0,0,0,0,1,2
635,서울시립대로4길,3,1,0,1,2,0,0,0,0,3,0,0,0,1,3
636,전농로29길,1,1,0,0,2,3,0,0,0,0,0,0,0,0,1
637,서울 동대문구 청량리역,1,2,0,0,2,0,0,0,0,2,0,0,0,1,1
638,전농로터리시장,0,0,0,0,0,0,0,0,0,0,0,0,0,0,0
639,사가정로13길,1,1,0,0,3,3,0,0,0,0,0,0,0,0,1
640,한천로33길,0,0,0,0,2,0,0,0,0,0,0,0,0,0,2
641,약령시로17길,1,0,0,0,2,1,0,0,0,3,0,0,0,0,2
642,왕산로33길,1,3,0,0,3,0,0,2,0,3,0,0,0,0,1
643,제기로5길,1,1,0,0,1,3,0,0,0,1,0,0,0,1,2
644,경동시장,0,1,0,1,0,0,0,2,0,0,0,0,0,0,0
645,서울약령시장,0,0,0,0,2,0,0,0,0,2,0,0,0,0,0
646,청량리전통시장,0,0,0,0,0,0,0,0,0,3,0,0,0,0,0
647,청량리종합시장,0,0,0,0,0,0,0,0,0,0,0,0,0,0,0
648,청량리청과물시장,0,0,0,0,0,0,0,0,0,0,0,0,0,0,0
649,왕산로43길,2,0,1,0,2,0,0,0,0,1,0,0,0,1,3
650,제기로21길,2,0,0,0,1,1,0,0,0,0,0,0,0,0,1
651,경희대로3길,2,1,1,0,2,3,0,0,0,0,0,0,0,0,1
652,경희대로4길,1,3,1,0,3,3,0,0,0,0,0,0,0,0,2
653,경희대학교,0,0,0,0,1,0,0,0,0,0,0,0,0,0,0
654,회기시장,0,1,0,0,0,0,0,0,0,0,0,0,0,0,0
655,망우로21길,1,0,1,0,2,2,0,0,0,1,0,0,0,1,1
656,휘경로14길,0,0,0,0,3,0,0,0,0,0,0,0,0,1,1
657,이경시장,0,0,0,0,0,0,0,0,0,0,0,0,0,0,0
658,망우로18가길,2,1,1,0,2,3,0,0,0,1,0,0,0,1,1
659,망우로18길,2,1,1,0,2,3,0,0,0,1,0,0,0,1,1
660,만양로14길,1,1,0,0,3,0,0,0,0,1,0,0,0,1,3
661,만양로8길,1,1,0,1,2,0,0,0,0,0,0,0,0,0,2
662,서울 동작구 노량진역,0,1,0,0,1,0,0,0,0,1,0,0,0,0,1
663,서울 동작구 노량진1동_1,0,0,0,0,0,0,0,0,0,0,0,0,0,1,0
664,노량진중앙시장,0,0,0,0,1,0,0,0,0,0,0,0,0,0,0
665,본동인정시장,0,0,0,0,0,0,0,0,0,0,0,0,0,0,0
666,노량진로6길,3,1,0,0,2,0,0,0,0,2,0,0,0,0,2
667,장승배기로19길,3,1,0,1,3,0,0,1,0,2,0,0,0,1,2
668,장승배기로27길,2,3,0,0,3,0,0,0,0,2,0,0,0,1,2
669,신노량진시장,0,0,0,0,0,0,0,0,0,0,0,0,0,0,0
670,대방동27길,2,0,0,0,2,0,0,0,0,0,0,0,0,1,3
671,대방동2길,3,2,0,0,3,0,0,1,0,0,0,0,0,1,3
672,등용로14길,1,2,0,0,2,0,0,0,0,0,0,0,0,0,3
673,여의대방로24길,3,1,0,1,3,0,0,0,0,0,0,0,0,1,3
674,여의대방로46길,2,1,1,0,3,0,0,0,0,1,0,0,0,1,3
675,동작대로17길,3,2,0,2,3,0,0,2,0,2,0,0,0,1,3
676,동작대로7길,2,3,0,1,3,1,0,0,0,0,0,0,0,1,1
677,사당로20길,2,1,0,0,2,0,0,2,0,0,0,0,0,0,1
678,사당로26길,2,2,0,1,2,0,0,1,0,0,0,0,0,0,1
679,사당로30길,3,3,0,2,2,0,0,1,0,2,0,0,0,0,1
680,관악구 사당역_2,0,2,0,0,1,0,0,0,0,0,0,0,0,0,0
681,동작대로29길,1,0,0,0,2,0,0,0,0,2,0,0,0,0,1
682,동작대로33길,1,2,0,0,3,0,0,0,0,2,0,0,0,0,2
683,동작대로35길,0,0,0,0,1,0,0,0,0,0,0,0,0,0,2
684,동작구 총신대입구역_1,0,0,0,0,2,0,0,0,0,0,0,0,0,1,0
685,남성사계시장,0,0,0,0,1,0,0,0,0,2,0,0,0,0,0
686,사당로23길,0,0,0,0,0,1,0,0,0,0,0,0,0,0,2
687,사당로23나길,1,0,0,0,1,0,0,1,0,0,0,0,0,0,2
688,사당로29길,3,1,0,1,3,0,0,2,0,2,0,0,0,1,3
689,사당로16가길,2,1,0,0,2,0,0,0,0,0,0,0,0,1,2
690,사당로16길,2,1,0,0,2,0,0,1,0,0,0,0,0,1,1
691,남성역골목시장,0,0,0,0,1,0,0,0,0,0,0,0,0,0,0
692,사당시장,0,0,0,0,0,0,0,1,0,0,0,0,0,0,0
693,사당로2차길,1,0,0,0,1,2,0,0,0,0,0,0,0,0,3
694,사당로8길,1,0,0,0,1,0,0,0,0,0,0,0,0,1,2
695,상도로37길,1,0,0,0,2,0,0,0,0,0,0,0,0,1,2
696,상도로47길,1,1,0,1,2,3,0,0,0,0,0,0,0,1,3
697,상도로61길,1,1,0,0,1,3,0,0,0,0,0,0,0,1,2
698,상도로62길,1,1,0,0,3,3,0,0,0,0,0,0,0,1,2
699,상도전통시장,0,0,0,0,1,0,0,0,0,0,0,0,0,0,0
700,상도로15길,1,2,0,1,3,0,0,2,0,1,0,0,0,1,3
701,장승배기로10길,3,1,0,1,3,0,0,1,0,1,0,0,0,1,3
702,영도시장,0,0,0,0,0,0,0,1,0,0,0,0,0,0,0
703,국사봉1길,1,2,0,0,3,0,0,1,0,0,0,0,0,1,3
704,국사봉길,0,1,0,0,2,0,0,1,0,0,0,0,0,0,3
705,신대방삼거리역,0,0,0,0,1,0,0,0,0,0,0,0,0,0,1
706,성대시장,0,1,0,0,1,0,0,1,0,0,0,0,0,0,0
707,성대로1길,2,2,0,1,3,0,0,1,0,0,0,0,0,0,1
708,성대로29길,2,1,0,1,3,0,0,1,0,0,0,0,0,0,3
709,양녕로26길,1,0,0,0,1,0,0,0,1,0,0,0,0,0,3
710,상도4동도깨비골목시장,1,0,0,0,1,0,0,0,0,0,0,0,0,0,0
711,신대방길,1,1,1,0,3,1,0,0,0,2,0,0,0,1,2
712,국사봉2길,2,2,0,0,3,0,0,1,0,0,0,0,0,1,3
713,여의대방로22길,2,1,1,0,3,0,0,0,0,0,0,0,0,0,2
714,여의대방로22나길,3,1,1,0,1,0,0,0,0,0,0,0,0,0,1
715,여의대방로22카길,1,2,1,0,3,0,0,0,0,0,0,0,0,1,3
716,보라매공원,0,3,0,0,3,0,0,0,0,0,0,0,0,0,1
717,서달로10길,0,1,1,0,3,0,0,0,0,0,0,0,0,0,2
718,서달로14길,1,2,1,0,3,0,0,0,0,1,0,0,0,1,2
719,서달로15길,1,2,1,0,3,0,0,0,0,1,0,0,0,1,2
720,서달로8가길,1,2,1,0,3,3,0,0,0,1,0,0,0,0,2
721,흑석로13길,1,2,1,0,3,3,0,0,0,1,0,0,0,1,3
722,흑석로9길,1,2,1,0,3,3,0,0,0,1,0,0,0,0,2
723,흑석시장,0,1,0,0,1,0,0,0,0,0,0,0,0,0,0
724,마포대로20길,3,3,0,0,2,0,0,0,0,0,0,0,0,1,2
725,만리재옛길,3,3,0,0,2,0,0,0,0,0,0,0,0,0,2
726,효창원로93길,2,0,0,0,1,2,0,0,0,0,0,0,0,0,2
727,서울 마포구 공덕역_1,0,1,0,0,1,0,0,0,0,0,0,0,0,0,1
728,대흥로21길,2,3,0,0,3,3,0,0,0,3,0,0,0,1,3
729,백범로16길,3,1,0,0,2,1,0,0,0,0,0,0,0,1,3
730,신촌역,1,1,0,0,2,0,0,0,0,2,0,0,0,1,1
731,도화4길,2,3,0,0,3,0,0,0,0,1,0,0,0,1,3
732,도화길,3,3,0,0,3,0,0,0,0,1,0,0,0,1,3
733,마포대로4길,2,3,0,1,2,0,0,0,1,1,0,0,0,1,3
734,서울 마포구 마포역_1,0,3,0,0,2,0,0,0,0,1,0,0,0,0,0
735,망원로2길,1,0,0,0,2,0,0,0,0,1,0,0,0,0,3
736,월드컵로11길,0,1,0,0,3,0,0,0,0,0,0,0,0,1,2
737,월드컵로19길,1,2,0,0,3,0,0,0,0,1,0,0,0,1,2
738,망원시장,0,0,0,0,0,0,0,0,0,0,0,0,0,0,0
739,망원로11길,2,0,0,0,2,0,0,0,0,1,0,0,0,0,2
740,방울내로9안길,1,0,0,0,0,0,0,1,0,0,0,0,0,1,2
741,월드컵로25길,1,0,0,0,1,0,0,0,0,1,0,0,0,0,3
742,망원월드컵시장,0,0,0,0,1,0,0,0,0,0,0,0,0,0,0
743,매봉산로2길,3,3,0,0,3,0,0,0,0,0,0,0,0,1,3
744,디지털미디어시티,1,3,0,0,2,0,0,0,0,0,0,0,0,0,2
745,독막로22길,2,1,0,0,1,3,0,0,0,0,0,0,0,1,3
746,와우산로3길,0,0,0,0,1,0,0,0,0,0,0,0,0,1,2
747,동교로17길,1,3,0,0,1,1,0,0,0,0,0,0,0,0,3
748,동교로19길,1,2,0,0,1,2,0,0,0,0,0,0,0,0,3
749,신촌로12길,1,2,0,1,3,1,0,0,0,3,0,0,0,1,3
750,양화로11길,3,3,0,0,2,0,0,0,0,0,0,0,0,1,3
751,와우산로29가길,1,1,0,0,1,3,0,0,0,0,0,0,0,0,3
752,와우산로29길,1,1,0,0,1,1,0,0,0,1,0,0,0,0,2
753,월드컵로10길,1,1,0,0,2,0,0,0,0,0,0,0,0,1,3
754,월드컵로16길,1,2,0,0,3,1,0,0,0,1,0,0,0,1,2
755,월드컵로8길,2,3,0,0,2,0,0,0,0,0,0,0,0,1,3
756,서울 마포구 홍대입구역_1,0,1,0,0,0,0,0,0,0,0,0,0,0,0,0
757,홍익대학교 주변,3,3,0,0,3,0,0,0,0,0,0,0,0,1,3
758,서울 마포구 홍대입구역_2,0,0,0,0,0,1,0,0,0,0,0,0,0,0,0
759,서울 마포구 홍대입구역_3,0,0,0,0,0,0,0,0,0,0,0,0,0,0,1
760,성미산로11길,1,1,0,0,1,1,0,0,0,0,0,0,0,0,3
761,성미산로1길,2,1,0,0,3,0,0,0,0,1,0,0,0,1,2
762,성산로4길,2,0,0,0,1,0,0,0,0,0,0,0,0,1,2
763,모래내로7길,1,2,0,0,2,0,0,0,0,0,0,0,0,1,2
764,월드컵로36길,3,1,0,0,3,0,0,0,0,0,0,0,0,1,2
765,마포농수산물시장,0,0,0,0,0,0,0,1,0,0,0,0,0,0,0
766,광성로6길,2,1,0,0,1,3,0,0,0,1,0,0,0,1,3
767,독막로32길,2,1,0,0,2,1,0,0,0,0,0,0,0,1,3
768,신수시장,0,0,0,0,0,0,0,0,0,0,0,0,0,0,0
769,마포대로12길,3,3,0,0,1,0,0,2,0,0,0,0,0,0,2
770,신촌로28가길,0,0,0,0,3,1,0,0,0,2,0,0,0,1,1
771,신촌로30길,1,1,0,0,3,1,0,0,0,1,0,0,0,1,2
772,공덕역,0,1,0,0,0,0,0,0,0,0,0,0,0,0,0
773,서울 마포구 공덕역_2,0,1,0,0,0,0,0,0,0,0,0,0,0,1,0
774,공덕시장,0,0,0,0,0,0,0,1,0,0,0,0,0,0,0
775,마포시장,0,0,0,0,0,0,0,1,0,0,0,0,0,0,0
776,아현시장,0,0,0,0,1,0,0,0,0,0,0,0,0,1,0
777,동교로25길,0,2,0,0,1,1,0,0,0,1,0,0,0,0,3
778,동교로27길,1,2,0,0,2,1,0,0,0,1,0,0,0,0,3
779,동교로38길,0,1,0,0,2,0,0,0,0,2,0,0,0,0,2
780,성미산로32길,1,0,0,0,0,0,0,0,0,1,0,0,0,0,2
781,동진시장,0,0,0,0,0,0,0,0,0,0,0,0,0,0,0
782,대흥로28길,0,1,0,0,3,1,0,0,0,2,0,0,0,1,2
783,숭문8길,1,0,0,0,0,3,0,0,0,0,0,0,0,0,1
784,숭문길,3,1,0,0,1,3,0,0,0,0,0,0,0,1,3
785,토정로37길,2,3,0,1,2,0,0,0,0,0,0,0,0,1,2
786,서울 마포구 마포역_2,1,3,0,1,1,0,0,0,0,0,0,0,0,1,1
787,독막로8길,0,0,0,0,2,0,0,0,0,0,0,0,0,1,1
788,성지3길,2,1,0,0,2,0,0,0,0,0,0,0,0,1,2
789,양화로1길,1,2,0,0,2,0,0,0,0,0,0,0,0,1,2
790,양화진길,2,3,0,0,3,0,0,0,0,0,0,0,0,1,2
791,월드컵로7길,1,3,0,0,2,0,0,0,0,0,0,0,0,1,2
792,모래내로15길,1,2,0,1,3,0,0,1,0,1,0,0,0,1,3
793,모래내시장,0,0,0,0,0,0,0,0,0,0,0,0,0,0,0
794,가재울로6길,2,2,0,0,2,3,0,0,0,0,0,0,0,0,2
795,명지대길,1,2,0,0,1,3,0,0,0,0,0,0,0,0,2
796,증가로10길,2,2,0,0,2,3,0,0,0,0,0,0,0,0,2
797,수색로8길,0,0,0,0,2,0,0,1,0,0,0,0,0,1,2
798,응암로1길,2,1,0,0,3,0,0,2,0,0,0,0,0,1,3
799,증가로20가길,0,1,0,0,1,3,0,0,0,0,0,0,0,0,3
800,증가로23나길,2,2,0,0,3,0,0,0,0,0,0,0,0,0,3
801,북아현로4길,3,3,0,1,3,2,0,0,0,0,0,0,0,1,3
802,신촌로37길,2,2,0,1,3,0,0,0,0,0,0,0,0,1,3
803,아현가구거리상점가,0,0,0,1,0,0,0,0,0,0,0,0,0,0,0
804,서울 서대문구 신촌역,0,2,0,0,3,0,1,0,0,2,0,0,0,1,1
805,서울 서대문구 이대역,1,0,0,0,0,0,0,0,0,0,0,0,0,0,0
806,연희로10길,0,3,1,1,2,3,0,0,0,1,0,0,0,0,3
807,홍연길,0,0,0,0,1,0,0,0,0,0,0,0,0,0,3
808,독립문로8길,2,1,0,0,2,3,0,0,0,1,0,0,0,0,3
809,통일로11길,1,1,0,0,2,3,0,0,0,1,0,0,0,0,3
810,영천시장,0,0,0,0,0,0,0,0,0,0,0,0,0,0,1
811,충정로4길,3,3,0,1,2,2,0,0,0,1,0,0,0,1,3
812,충정로6길,3,3,0,0,2,2,0,0,0,1,0,0,0,1,3
813,서대문구 서대문역_2,1,1,0,0,0,1,0,0,0,0,0,0,0,1,1
814,세검정로1길,1,1,0,0,3,2,0,2,0,3,0,0,0,0,3
815,포방터시장,0,0,0,0,0,0,0,0,0,0,0,0,0,0,0
816,증가로6길,2,1,0,0,2,3,0,0,0,0,0,0,0,0,3
817,통일로37길,2,2,0,2,3,1,0,2,0,3,0,0,0,1,3
818,통일로39길,2,1,0,2,3,1,0,2,0,3,0,0,0,1,3
819,홍제내길,1,0,0,0,1,0,0,0,0,0,0,0,0,0,3
820,세무서2길,2,2,0,2,3,0,0,0,0,2,0,0,0,1,3
821,세무서길,2,2,0,2,3,0,0,2,0,3,0,0,0,1,3
822,인왕시장,0,0,0,0,1,0,0,2,0,2,0,0,0,0,0
823,사평대로57길,2,3,0,1,3,0,0,0,0,0,0,0,0,1,1
824,주흥15길,0,2,0,1,3,0,0,0,0,0,0,0,0,1,1
825,주흥길,1,1,0,1,3,0,0,0,0,0,0,0,0,1,1
826,강남구 논현역_1,0,1,0,1,2,0,0,0,0,0,0,0,0,0,1
827,고무래로8길,3,3,1,0,3,2,0,0,0,0,0,0,0,0,2
828,동광로39길,2,3,0,0,1,0,0,0,0,0,0,0,0,0,2
829,사평대로22길,2,2,0,0,0,0,0,0,0,0,0,0,0,0,2
830,사평대로26길,2,3,0,0,1,0,0,0,0,0,0,0,0,0,2
831,고속터미널역,0,0,0,0,1,0,0,0,0,0,0,0,0,1,1
832,방배로18길,2,2,0,1,2,2,0,0,0,0,0,0,0,1,2
833,효령로23길,1,2,0,0,2,3,0,1,0,0,0,0,0,1,3
834,효령로31길,2,2,0,1,2,2,0,1,0,0,0,0,0,1,2
835,서울 서초구 방배역,0,0,0,0,2,2,0,0,0,0,0,0,0,1,1
836,방배천로4안길,2,3,0,1,2,0,0,1,0,1,0,0,0,0,1
837,서초대로4길,2,3,0,1,3,0,0,1,0,1,0,0,0,1,2
838,서초대로8길,0,0,0,0,0,0,0,1,0,0,0,0,0,0,2
839,청두곶길,2,2,0,2,2,0,0,1,0,1,0,0,0,0,3
840,관악구 사당역_1,1,0,0,0,0,0,0,0,0,0,0,0,0,0,1
841,효령로34길,2,2,0,0,2,3,0,0,0,0,0,0,0,1,2
842,동광로12길,1,3,0,0,3,0,0,0,0,2,0,0,0,1,3
843,서초대로15길,1,2,0,0,2,0,0,1,0,0,0,0,0,1,2
844,서초대로23길,1,3,0,1,3,2,0,1,0,0,0,0,0,1,3
845,서초대로25길,1,3,0,1,3,2,0,0,0,0,0,0,0,1,3
846,동작구 총신대입구역_2,0,2,0,0,1,0,0,0,0,1,0,0,0,0,1
847,동광로1길,0,0,0,0,2,0,0,1,0,0,0,0,0,0,2
848,방배로35길,1,3,0,0,3,0,0,0,0,0,0,0,0,0,2
849,방배로42길,1,3,0,0,2,0,0,0,0,0,0,0,0,0,2
850,방배중앙로21길,0,0,0,0,1,0,0,1,0,0,0,0,0,0,2
851,방배동카페골목,0,0,0,0,0,0,0,0,0,0,0,0,0,0,0
852,남부종합시장,0,0,0,0,0,0,0,1,0,0,0,0,0,0,0
853,남부순환로339길,1,2,0,0,1,2,0,0,0,0,0,0,0,0,1
854,사임당로17길,0,3,0,1,3,3,0,0,0,0,0,0,0,1,2
855,서초대로64길,1,2,0,0,1,3,0,0,0,0,0,0,0,0,3
856,서초중앙로8길,1,3,0,2,3,3,0,0,0,0,0,0,1,1,3
857,서울 서초구 남부터미널역_1,0,0,0,0,0,0,0,0,0,0,0,0,0,0,0
858,서울 서초구 남부터미널역_3,0,0,0,0,1,0,0,0,0,0,0,0,0,0,0
859,교대역_2,0,2,0,1,1,0,0,0,0,0,0,0,0,0,1
860,효령로72길,2,2,0,0,1,1,0,0,0,0,0,0,0,0,2
861,양재역_3,0,2,0,0,0,0,0,0,0,0,0,0,0,0,1
862,뱅뱅사거리,0,2,0,0,0,0,0,0,0,1,0,0,0,0,0
863,서울 강남구 강남역_1,0,3,0,0,3,0,0,0,0,0,0,0,0,1,1
864,남부순환로317길,3,1,0,0,1,0,0,0,0,0,0,0,0,0,2
865,남부순환로325길,2,3,0,2,2,0,0,0,0,0,0,0,1,1,3
866,반포대로9길,1,1,0,0,1,0,0,0,0,0,0,0,0,0,2
867,서울 서초구 남부터미널역_2,0,2,0,2,1,0,0,0,0,0,0,0,0,1,0
868,교대역_1,1,3,0,0,2,1,0,0,0,0,0,0,0,0,1
869,서울 서초구 서초역,0,1,0,0,0,0,0,0,0,0,0,0,0,1,0
870,교대역_3,0,1,0,0,0,0,0,0,0,0,0,0,0,0,0
871,교대역_4,0,1,0,1,1,0,0,0,0,0,0,0,0,0,0
872,서울 강남구 강남역_2,0,2,0,0,3,0,0,0,0,0,0,0,0,0,1
873,강남대로23길,1,1,0,1,0,0,0,0,0,0,0,0,0,1,2
874,강남대로34길,1,3,0,2,3,1,0,0,0,0,0,0,0,1,3
875,논현로27길,1,3,0,1,2,1,0,0,0,0,0,0,0,0,2
876,바우뫼로39길,1,3,0,1,2,1,0,0,0,0,0,0,0,0,2
877,양재역_1,1,1,0,0,0,0,0,0,0,0,0,0,0,0,0
878,양재역_2,0,1,0,0,1,0,0,0,0,0,0,0,0,1,1
879,양재시장,0,0,0,0,0,0,0,0,0,0,0,0,0,0,0
880,강남대로8길,1,3,0,0,2,0,0,0,0,0,0,0,0,1,2
881,논현로1길,0,1,0,0,1,0,0,0,0,0,0,0,0,0,3
882,동산로10길,1,1,0,0,1,0,0,0,0,0,0,0,0,0,2
883,동산로19길,0,3,0,0,1,0,0,0,0,0,0,0,0,0,2
884,마방로2길,1,0,0,0,1,0,0,0,0,0,0,0,0,1,2
885,언남길,1,3,0,0,1,0,0,0,0,0,0,0,0,1,1
886,양재 화물트럭터미널앞_1,0,0,0,0,0,0,0,0,0,0,0,0,0,0,0
887,양재 화물트럭터미널앞_2,0,1,0,0,0,0,0,0,0,0,0,0,0,0,0
888,양재동 꽃시장,0,0,0,0,0,0,0,0,0,0,0,0,0,0,0
889,포이사거리_2,0,3,0,0,0,0,0,0,0,0,0,0,0,0,0
890,신반포로45길,1,3,0,0,2,0,0,0,0,0,0,0,0,0,1
891,강남구 논현역_4,0,2,0,0,1,0,0,0,0,0,0,0,0,0,0
892,강남구 신사역_1,0,0,0,0,0,0,0,0,0,0,0,0,0,0,0
893,금호산2길,1,1,0,0,3,0,0,0,0,0,0,0,0,0,3
894,금호산길,2,1,0,0,3,0,0,0,0,0,0,0,0,1,3
895,무수막길,2,0,0,0,2,0,0,0,0,0,0,0,0,1,3
896,장터길,1,2,0,0,3,0,0,0,0,0,0,0,0,1,3
897,금남시장,0,0,0,0,1,0,0,0,0,0,0,0,0,0,0
898,마장로27길,3,2,0,0,1,0,0,0,0,0,0,0,0,0,2
899,마장로39길,1,1,0,0,2,0,0,0,0,0,0,0,0,1,2
900,마조로16길,2,1,0,0,1,0,0,0,0,0,0,0,0,1,2
901,청계천로10나길,3,2,0,0,1,0,0,0,0,1,0,0,0,1,1
902,마장축산물시장,0,1,0,0,1,0,0,0,0,0,0,0,0,0,0
903,마조로1길,3,2,1,1,3,3,0,1,0,0,0,0,0,1,3
904,사근동길,1,1,1,0,2,3,0,1,0,0,0,0,0,1,3
905,한양시장,0,0,0,0,0,0,0,1,0,0,0,0,0,0,0
906,둘레9길,2,0,0,0,3,0,0,2,0,0,0,0,0,0,2
907,성덕정길,2,0,0,0,1,0,0,0,0,0,0,0,0,0,3
908,상원12길,1,2,0,1,1,1,0,0,0,0,0,0,0,1,1
909,상원길,1,3,0,1,2,1,0,0,0,0,0,0,0,1,1
910,서울숲2길,1,1,0,0,1,1,0,0,0,0,0,0,0,1,1
911,왕십리로14길,1,2,0,0,2,1,0,0,0,0,0,0,0,1,1
912,왕십리로6길,2,3,0,0,2,1,0,0,0,0,0,0,0,1,3
913,뚝섬로5길,2,2,0,0,1,0,0,0,0,0,0,0,0,1,3
914,성덕정17길,1,1,0,0,3,0,0,2,0,1,0,0,0,1,3
915,뚝도시장,0,0,0,0,1,0,0,2,0,0,0,0,0,0,0
916,성수이로18길,0,3,0,1,2,0,0,0,0,0,0,0,0,1,1
917,성수이로7길,1,3,0,0,2,0,0,2,0,0,0,0,0,1,2
918,성수일로6길,1,3,0,0,3,0,0,0,0,0,0,0,0,1,2
919,아차산로11길,1,3,0,1,1,0,0,0,0,0,0,0,0,1,1
920,아차산로15길,1,3,0,1,1,0,0,0,0,0,0,0,0,0,2
921,아차산로5길,2,3,0,1,2,0,0,0,0,0,0,0,0,1,2
922,송정12라길,1,0,0,0,3,0,0,0,0,0,0,0,0,0,1
923,송정4가길,2,3,0,1,2,0,0,0,0,0,0,0,0,0,2
924,매봉길,2,0,0,0,2,0,0,0,0,0,0,0,0,1,3
925,한림말3길,2,0,0,0,2,0,0,0,0,0,0,0,0,1,3
926,한림말길,3,1,0,0,2,0,0,0,0,0,0,0,0,1,3
927,무학봉28길,2,1,0,1,3,0,0,1,0,0,0,0,0,0,1
928,무학봉길,2,0,0,0,2,0,0,1,0,0,0,0,0,1,1
929,왕십리로31길,1,1,0,2,3,0,0,0,0,0,0,0,0,1,2
930,무학로6길,3,2,0,2,3,0,0,0,0,0,0,0,0,1,3
931,왕십리로26길,3,3,0,2,3,0,0,1,0,0,0,0,0,1,2
932,왕십리역_2,0,0,0,0,0,0,0,0,0,0,0,0,0,0,0
933,용답29길,3,3,0,2,3,0,0,0,0,0,0,0,0,1,2
934,용답중앙길,1,2,0,1,2,0,0,0,0,0,0,0,0,1,2
935,장한평역,1,0,0,0,0,0,0,1,0,0,0,0,0,1,0
936,성동용답상가시장,0,0,0,0,1,0,0,0,0,0,0,0,0,0,0
937,고산자로6길,3,3,1,2,3,3,0,2,0,0,0,0,0,1,3
938,왕십리로21길,3,1,0,0,3,0,0,1,0,0,0,0,0,1,2
939,왕십리역_1,0,0,0,0,0,0,0,0,0,0,0,0,0,0,0
940,행당시장,0,0,0,0,1,0,0,1,0,0,0,0,0,0,0
941,길음로7길,1,2,0,0,2,0,0,1,0,0,0,0,0,1,2
942,길음시장,0,1,0,0,0,0,0,1,0,0,0,0,0,0,0
943,삼양로8길,2,1,0,2,3,0,0,0,0,0,0,0,0,1,3
944,미아사거리_2,0,0,0,0,0,0,0,0,0,0,0,0,0,0,0
945,동소문로13길,1,3,0,1,3,0,0,0,0,0,0,0,0,1,3
946,동소문로15길,1,2,0,1,3,0,0,0,0,0,0,0,0,1,2
947,동소문로26가길,0,2,1,1,3,3,0,0,0,0,0,0,0,1,2
948,보문로32길,1,1,1,0,1,3,0,0,0,0,0,0,0,1,2
949,아리랑로4길,0,2,0,1,3,0,0,0,0,0,0,0,0,1,2
950,서울 성북구 성신여대입구역,1,1,0,0,1,1,0,0,0,0,0,0,0,0,0
951,보문로13길,1,1,0,0,1,0,0,0,0,1,0,0,0,0,1
952,인촌로1길,2,1,0,0,2,2,0,0,0,0,0,0,0,1,2
953,인촌로6길,3,2,0,0,1,0,0,0,0,1,0,0,0,1,1
954,지봉로20길,1,1,0,0,1,0,0,0,0,1,0,0,0,1,1
955,동소문로2길,1,2,0,0,3,0,0,0,0,0,0,0,0,1,2
956,동소문로6길,1,1,0,0,3,3,0,0,0,0,0,0,0,1,2
957,보문로31길,3,1,0,0,1,2,0,0,0,0,0,0,0,1,2
958,삼선교로10길,1,1,0,0,3,3,0,0,0,0,0,0,0,1,2
959,삼선교로10다길,1,0,0,0,0,3,0,0,0,0,0,0,0,0,2
960,삼선교로16가길,2,0,0,0,0,3,0,0,0,0,0,0,0,0,2
961,돈암제일시장,0,0,0,0,0,0,0,0,0,0,0,0,0,0,0
962,돌곶이로14길,0,1,0,0,3,0,0,0,0,2,0,0,0,0,1
963,돌곶이로22길,2,1,0,0,3,0,0,0,0,1,0,0,0,1,2
964,돌곶이로8길,0,1,0,0,2,0,0,0,0,2,0,0,0,0,2
965,한천로76길,2,0,0,0,2,0,0,0,0,0,0,0,0,1,3
966,화랑로32길,1,1,0,0,3,2,0,0,0,2,0,0,0,1,1
967,화랑로40길,2,0,0,0,2,0,0,0,0,0,0,0,0,1,3
968,새석관시장,0,0,0,0,0,0,0,1,0,0,0,0,0,0,0
969,석관시장,0,0,0,0,0,0,0,0,0,1,0,0,0,0,0
970,석관황금시장,0,0,0,0,0,0,0,0,0,0,0,0,0,0,0
971,성북로8길,2,1,0,0,2,3,0,0,0,0,0,0,0,1,3
972,창경궁로43길,3,1,0,0,3,3,0,0,0,0,0,0,0,1,3
973,보문로26길,1,2,1,0,1,3,0,0,0,0,0,0,0,1,3
974,안암로5길,2,2,0,0,2,3,0,0,0,1,0,0,0,1,2
975,인촌로17가길,1,1,1,0,0,3,0,0,0,0,0,0,0,1,2
976,개운사길,0,2,1,1,2,3,0,0,0,0,0,0,0,1,2
977,인촌로24길,1,3,1,2,3,3,0,0,0,0,0,0,0,1,3
978,인촌로5길,1,1,1,0,1,3,0,0,0,0,0,0,0,1,3
979,서울 성북구 안암역,0,0,0,0,1,0,0,0,0,0,0,0,0,0,0
980,오패산로19길,1,0,0,2,3,0,0,0,0,1,0,0,0,0,3
981,오패산로3길,1,1,0,0,2,0,0,0,0,1,0,0,0,0,2
982,화랑로1길,2,1,0,2,3,0,0,0,0,1,0,0,0,0,3
983,미아사거리_1,0,0,0,2,0,0,0,0,0,0,0,0,0,0,0
984,밤나무골시장,0,0,0,0,0,0,0,0,0,0,0,0,0,0,0
985,오패산로4길,2,2,0,0,3,3,0,0,0,0,0,0,0,1,3
986,장월로1길,2,1,0,0,2,3,0,0,0,0,0,0,0,1,3
987,화랑로13길,2,2,0,0,2,3,0,0,0,0,0,0,0,1,3
988,화랑로14길,1,1,0,0,2,0,0,0,0,0,0,0,0,1,1
989,돌곶이로41길,0,0,0,0,1,0,0,0,0,0,0,0,0,0,3
990,한천로101가길,1,0,0,0,2,1,0,1,0,0,0,0,0,0,3
991,돌곶이로27길,2,1,0,0,3,0,0,1,0,0,0,0,0,1,1
992,돌곶이로28길,1,0,0,0,1,0,0,0,0,0,0,0,0,1,2
993,화랑로19길,2,0,0,0,1,0,0,1,0,0,0,0,0,1,2
994,장위전통시장,0,0,0,0,0,0,0,0,0,0,0,0,0,0,0
995,장위로50길,1,0,0,0,0,0,0,0,0,0,0,0,0,0,3
996,번동시장,0,0,0,0,0,0,0,1,0,0,0,0,0,0,0
997,정릉로26길,3,1,0,0,2,0,0,0,0,0,0,0,0,1,3
998,정릉로27길,3,2,0,0,3,1,0,0,0,0,0,0,0,1,3
999,정릉아리랑시장,0,0,0,0,0,0,0,0,0,0,0,0,0,0,1
1000,솔샘로6길,3,1,0,0,3,3,0,0,0,0,0,0,0,1,3
1001,정릉로8길,1,0,0,0,0,3,0,0,0,0,0,0,0,0,1
1002,정릉시장,0,0,0,0,1,0,0,0,0,0,0,0,0,0,1
1003,보국문로16길,3,2,0,0,3,3,0,0,0,0,0,0,0,1,3
1004,종암로16길,2,0,0,1,3,0,0,0,0,0,0,0,0,0,2
1005,종암로19길,2,0,0,1,2,0,0,0,0,0,0,0,0,0,3
1006,종암로21길,3,1,0,0,3,0,0,0,0,0,0,0,0,0,3
1007,종암로24가길,3,0,0,0,3,0,0,0,0,0,0,0,0,0,1
1008,종암로5길,1,1,0,0,1,3,0,0,0,0,0,0,0,1,2
1009,가락시장,0,1,0,0,0,0,0,1,0,0,0,0,0,1,0
1010,동남로20길,1,2,0,0,3,0,0,0,0,0,0,0,0,1,2
1011,송이로23길,2,1,1,2,3,0,0,0,0,0,0,0,0,1,1
1012,오금로46길,1,2,0,0,3,0,0,0,0,0,0,0,0,0,2
1013,송파대로30길,2,3,1,2,3,0,0,1,0,0,0,0,0,1,2
1014,양재대로62길,1,2,1,1,3,0,0,1,0,0,0,0,0,1,1
1015,양재대로64길,1,1,1,2,2,0,0,0,0,0,0,0,0,1,1
1016,오금로36길,2,1,0,1,1,0,0,0,0,0,0,0,0,1,1
1017,서울 송파구 가락시장역,0,2,0,0,0,0,0,0,0,0,0,0,0,0,0
1018,거마로20길,3,1,0,0,3,0,0,0,0,1,0,0,0,0,1
1019,마천로51길,3,0,0,0,3,0,0,0,0,1,0,0,0,1,1
1020,마천시장,0,0,0,0,0,0,0,0,0,0,0,0,0,0,0
1021,송이로32길,1,1,0,0,2,0,0,0,0,0,0,0,0,0,2
1022,송이로36길,1,3,0,0,3,0,0,0,0,0,0,0,0,1,2
1023,문정역,0,0,0,0,0,0,0,0,0,0,0,0,0,0,0
1024,장지역,0,0,0,0,0,0,0,0,0,0,0,0,0,0,0
1025,양재대로71길,2,2,0,0,3,0,0,0,0,0,0,0,0,1,1
1026,백제고분로50길,1,2,0,0,3,0,0,0,0,0,0,0,0,1,2
1027,오금로11길,1,2,0,1,3,0,0,0,0,0,0,0,0,1,1
1028,방이동 먹자골목,0,0,0,0,1,0,0,0,0,0,0,0,0,0,0
1029,방이시장,0,0,0,0,1,0,0,0,0,0,0,0,0,1,0
1030,백제고분로21길,2,2,0,0,3,0,0,0,0,1,0,0,0,1,1
1031,백제고분로22길,2,0,0,0,3,0,0,0,0,1,0,0,0,1,1
1032,백제고분로31길,2,3,0,1,3,0,0,0,0,1,0,0,0,1,1
1033,백제고분로32길,1,1,0,1,2,0,0,0,0,0,0,0,0,1,1
1034,백제고분로33길,1,1,0,1,2,0,0,0,0,0,0,0,0,1,1
1035,백제고분로34길,2,1,0,1,2,0,0,0,0,0,0,0,0,1,1
1036,백제고분로39길,1,2,0,1,3,0,0,0,0,0,0,0,0,1,1
1037,석촌역,0,0,0,0,0,0,0,0,0,0,0,0,0,0,0
1038,석촌시장,0,0,0,0,0,0,0,0,0,0,0,0,0,0,0
1039,백제고분로42길,1,3,0,2,3,0,0,0,0,0,0,0,0,1,1
1040,백제고분로45길,2,3,0,2,3,0,0,0,0,0,0,0,0,1,1
1041,백제고분로46길,1,2,0,2,3,0,0,0,0,0,0,0,0,1,1
1042,서울 송파구 석촌역_1,0,0,0,0,0,0,0,0,0,0,0,0,0,0,0
1043,서울 송파구 석촌역_2,0,0,0,0,1,0,0,0,0,0,0,0,0,0,0
1044,양재대로72길,2,2,0,0,3,0,0,0,0,0,0,0,0,1,1
1045,잠실 관광특구,1,3,0,0,3,0,0,0,0,0,0,0,0,1,2
1046,잠실역 롯데월드,0,1,0,0,0,0,0,0,0,0,0,0,0,0,0
1047,잠실역,0,3,0,1,2,0,0,0,0,0,0,0,0,1,0
1048,삼전로13길,2,3,0,0,3,0,0,0,0,1,0,0,0,1,2
1049,신천역,0,2,0,0,2,0,0,0,0,0,0,0,0,0,0
1050,새마을시장,0,0,0,0,0,0,0,0,0,0,0,0,0,0,0
1051,풍성로25길,1,0,0,2,3,0,0,0,0,0,0,0,0,1,1
1052,서울 강동구 천호역,0,0,0,1,1,0,0,0,0,0,0,0,0,1,0
1053,풍납시장,0,0,0,0,0,0,0,0,0,0,0,0,0,0,0
1054,목동동로12길,1,3,0,1,3,0,0,0,0,0,0,0,0,1,2
1055,오목교역,0,0,0,0,0,0,0,0,0,0,0,0,0,0,0
1056,목동중앙로13나길,1,0,0,0,0,0,0,0,0,0,0,0,0,1,1
1057,목동중앙북로16길,1,1,0,1,3,0,0,0,0,1,0,0,0,1,1
1058,목2동시장,0,0,0,1,1,0,0,0,0,1,0,0,0,0,0
1059,목동중앙북로8길,1,1,0,1,3,0,0,0,0,0,0,0,0,0,1
1060,등촌역,0,1,0,0,0,0,0,0,0,0,0,0,0,0,0
1061,목3동시장,0,0,0,0,1,0,0,0,0,0,0,0,0,0,0
1062,목동중앙남로3가길,0,0,0,0,1,0,0,0,0,0,0,0,0,0,1
1063,목동중앙로3길,0,1,0,0,2,0,0,0,0,0,0,0,0,0,1
1064,목동중앙본로7길,1,0,0,0,1,0,0,0,0,0,0,0,0,0,1
1065,목동중앙서로7길,3,1,0,0,3,0,0,0,0,0,0,0,0,0,1
1066,목동중앙서로8가길,2,1,1,0,3,2,0,0,0,0,0,0,0,0,1
1067,목동사거리,0,0,0,0,1,0,0,0,0,0,0,0,0,0,0
1068,곰달래로10길,1,0,0,0,2,0,0,0,0,0,0,0,0,0,1
1069,곰달래로2길,1,0,0,0,1,0,0,0,0,0,0,0,0,0,1
1070,곰달래로3길,2,0,0,0,3,0,0,0,0,0,0,0,0,0,1
1071,곰달래로5길,2,1,0,1,3,0,0,0,0,0,0,0,0,0,1
1072,신영시장,0,0,0,0,0,0,0,0,0,0,0,0,0,0,0
1073,월정로시장,0,0,0,0,0,0,0,0,0,0,0,0,0,0,0
1074,중앙로51길,2,0,0,0,2,0,0,0,0,0,0,0,0,0,1
1075,중앙로55길,2,0,0,0,1,0,0,0,0,0,0,0,0,0,0
1076,경창시장,0,0,0,0,0,0,0,0,0,0,0,0,0,0,0
1077,가로공원로58길,0,0,0,0,1,0,0,0,0,0,0,0,0,0,0
1078,남부순환로40길,1,1,0,1,2,0,0,0,0,0,0,0,0,0,1
1079,남부순환로58길,1,0,0,0,1,0,0,0,0,0,0,0,0,0,1
1080,신월3동골목시장,0,0,0,0,0,0,0,0,0,0,0,0,0,0,0
1081,신월로15길,0,2,0,1,3,0,0,0,0,0,0,0,0,0,2
1082,오목로3길,1,0,0,0,1,0,0,0,0,0,0,0,0,0,1
1083,오목로5길,1,0,0,0,2,0,0,0,0,0,0,0,0,0,0
1084,남부순환로33길,2,1,0,1,2,0,0,0,0,0,0,0,0,0,2
1085,화곡로3길,1,0,0,1,1,0,0,0,0,0,0,0,0,0,1
1086,화곡로4길,2,1,0,1,2,0,0,0,0,0,0,0,0,0,2
1087,화곡로13길,2,0,0,0,1,0,0,0,0,0,0,0,0,0,1
1088,남부순환로79길,0,2,0,1,2,0,0,0,0,0,0,0,0,0,2
1089,신월로20길,0,2,0,1,2,0,0,0,0,0,0,0,0,0,1
1090,신월6동골목시장,0,0,0,1,1,0,0,0,0,0,0,0,0,0,0
1091,남부순환로70길,2,0,0,0,2,0,0,0,0,0,0,0,0,0,2
1092,지양로7길,2,0,0,0,2,0,0,0,0,0,0,0,0,0,1
1093,신월7동골목시장,0,0,0,0,0,0,0,0,0,0,0,0,0,0,0
1094,은행정로5길,1,1,0,0,2,0,0,0,0,0,0,0,0,0,2
1095,중앙로32길,2,1,0,0,1,0,0,0,0,0,0,0,0,0,2
1096,중앙로36길,2,1,0,0,3,0,0,0,0,0,0,0,0,1,2
1097,신정제일시장,0,0,0,0,0,0,0,0,0,0,0,0,0,0,0
1098,목동동로8길,2,0,0,0,1,0,0,0,0,0,0,0,0,0,2
1099,신목로2길,0,0,0,0,2,0,0,0,0,0,0,0,0,0,1
1100,신목로5길,2,1,0,0,1,0,0,0,0,0,0,0,0,0,2
1101,신목로6길,0,2,0,1,3,0,0,0,0,0,0,0,0,1,2
1102,남부순환로88길,1,0,0,0,0,0,0,0,0,0,0,0,0,0,3
1103,중앙로25길,2,0,0,0,2,0,0,0,0,0,0,0,0,1,2
1104,중앙로45길,1,1,0,1,2,0,0,0,0,0,0,0,0,1,2
1105,중앙로47길,1,1,0,0,3,0,0,0,0,0,0,0,0,1,1
1106,신정3동골목시장,0,0,0,0,1,0,0,0,0,0,0,0,0,1,0
1107,목동로19길,1,3,1,0,3,0,0,0,0,0,0,0,0,1,2
1108,목동로9길,3,3,0,0,2,0,0,0,0,0,0,0,0,1,2
1109,오목로23길,1,0,0,1,0,0,0,0,0,0,0,0,0,1,1
1110,오목로30길,2,2,0,1,3,0,0,0,0,0,0,0,0,1,2
1111,은행정로7길,2,2,0,0,2,0,0,0,0,0,0,0,0,1,1
1112,서울 양천구 신정네거리역_2,0,0,0,0,0,0,0,0,0,0,0,0,0,0,0
1113,목동남로4길,1,0,0,0,1,0,0,0,0,0,0,0,0,1,2
1114,당산로31길,3,3,0,1,2,0,0,0,0,2,0,0,0,1,2
1115,영등포로25길,1,1,0,0,1,0,0,0,0,3,0,0,0,1,2
1116,영등포로27길,1,1,0,1,3,0,0,0,0,3,0,0,0,0,2
1117,영등포유통상가,0,0,0,0,0,0,0,0,0,0,0,0,0,0,0
1118,서울 영등포구 영등포구청역,0,0,0,0,0,0,0,0,0,0,0,0,0,0,0
1119,영등포청과시장,0,0,0,0,0,0,0,0,0,1,0,0,0,0,0
1120,당산로37길,3,2,0,1,2,0,0,0,0,2,0,0,0,1,2
1121,당산로38길,2,2,0,1,2,0,0,0,0,2,0,0,0,0,1
1122,당산로46길,0,1,0,0,3,0,0,0,0,0,0,0,0,1,2
1123,당산역_2,0,0,0,0,0,0,0,0,0,0,0,0,0,1,0
1124,대림로22길,1,1,1,0,3,0,0,2,0,0,0,0,0,0,3
1125,대림로8길,1,2,1,0,3,0,0,0,0,3,0,0,0,0,2
1126,디지털로74길,1,1,1,0,3,0,0,2,0,3,0,0,0,0,2
1127,대림로7길,2,1,1,0,3,0,0,0,0,2,0,0,0,1,2
1128,도림천로21길,1,1,0,0,3,1,0,0,0,2,0,0,0,1,3
1129,디지털로37길,1,2,1,0,3,1,0,0,0,0,0,0,0,1,2
1130,디지털로57길,2,2,1,0,3,0,0,0,0,0,0,0,0,1,2
1131,대림로29길,2,3,1,0,3,0,0,0,0,0,0,0,0,1,2
1132,대림로31길,1,3,0,1,2,1,0,0,0,0,0,0,0,0,3
1133,대림로34길,1,2,0,1,2,1,0,1,0,0,0,0,0,0,3
1134,대림로44길,1,2,0,1,1,2,0,1,0,0,0,0,0,0,3
1135,도림로112길,0,0,0,0,2,0,0,0,0,0,0,0,0,0,3
1136,도신로15길,1,0,0,0,2,0,0,0,0,0,0,0,0,0,3
1137,도신로29길,1,0,0,0,2,0,0,0,0,0,0,0,0,0,2
1138,경인로77길,2,2,0,0,2,0,0,0,0,2,0,0,0,1,3
1139,경인로80길,3,2,0,0,2,0,0,0,0,2,0,0,0,1,3
1140,경인로90길,2,3,0,0,2,0,0,0,0,1,0,0,0,1,1
1141,도림로147길,1,1,0,0,1,0,0,0,0,1,0,0,0,0,2
1142,문래동 주민센터,0,1,0,0,0,0,0,0,0,0,0,0,0,0,0
1143,영일시장,0,0,0,0,0,0,0,0,0,0,0,0,0,0,0
1144,도신로60길,1,1,0,0,2,0,0,0,0,0,0,0,0,0,2
1145,도신로62길,0,1,0,1,2,0,0,0,0,2,0,0,0,0,2
1146,신길로42가길,2,1,0,1,1,0,0,0,0,2,0,0,0,0,3
1147,여의대방로61길,1,0,1,1,1,0,0,0,0,3,0,0,0,1,3
1148,영등포로80길,0,1,1,1,3,0,0,0,0,3,0,0,0,0,3
1149,영등포로84길,1,1,1,1,3,0,0,0,0,3,0,0,0,1,3
1150,가마산로61길,1,1,0,0,3,0,0,0,0,0,0,0,0,0,3
1151,신길로39길,1,2,0,1,2,0,0,0,0,2,0,0,0,0,3
1152,사러가시장,0,0,0,0,0,0,0,0,0,0,0,0,0,0,0
1153,신길로42길,1,1,0,1,2,0,0,0,0,2,0,0,0,0,2
1154,도림로63길,0,1,0,0,2,0,0,1,0,0,0,0,0,0,3
1155,신길로17길,2,0,0,0,3,0,0,2,0,3,0,0,0,1,3
1156,여의대방로35길,2,0,0,1,3,0,0,1,0,0,0,0,0,1,3
1157,영진시장A동,0,0,0,0,0,0,0,0,0,0,0,0,0,0,0
1158,여의대방로39길,1,0,0,1,2,0,0,0,0,0,0,0,0,1,2
1159,여의대방로43나길,1,1,0,0,2,0,0,0,0,0,0,0,0,0,3
1160,선유서로24길,3,1,0,1,2,0,0,0,0,2,0,0,0,1,2
1161,선유서로25길,1,0,0,0,1,0,0,0,0,1,0,0,0,1,1
1162,선유서로28길,3,0,0,1,1,0,0,0,0,2,0,0,0,1,1
1163,선유로55길,3,1,0,0,2,0,0,0,0,2,0,0,0,1,2
1164,양평로19길,3,1,0,0,2,0,0,0,0,2,0,0,0,1,3
1165,양평로22라길,2,2,0,0,2,0,0,0,0,1,0,0,0,1,2
1166,양평로28길,1,1,0,0,1,0,0,0,0,0,0,0,0,1,2
1167,당산역_1,0,0,0,0,1,0,0,0,0,0,0,0,0,0,1
1168,여의도 시범아파트앞,0,2,1,0,0,0,0,0,0,0,0,0,0,0,0
1169,서울 영등포구 여의도역_1,0,3,0,0,3,0,0,0,0,0,0,0,0,0,0
1170,서울 영등포구 여의도역_2,1,3,0,0,3,0,0,0,0,0,0,0,0,1,1
1171,국회의사당역_1,0,0,0,0,0,0,0,0,0,0,0,0,0,0,0
1172,국회의사당역_2,0,3,0,0,0,0,0,0,0,0,0,0,0,1,0
1173,국회대로56길,2,2,1,0,2,0,0,0,0,3,0,0,0,0,2
1174,영등포로35길,1,3,1,2,3,1,0,0,0,3,0,0,0,1,1
1175,영등포역_1,1,0,0,0,0,0,0,0,0,0,0,0,0,0,0
1176,영등포역_2,0,0,0,0,0,0,0,0,0,1,0,0,0,0,0
1177,영등포역_3,0,1,1,0,1,1,0,0,0,1,0,0,0,0,0
1178,서울 영등포구 영등포시장역,1,0,0,0,1,0,0,0,0,2,0,0,0,0,0
1179,영등포전통시장,1,3,0,0,3,0,0,0,0,3,0,0,0,1,1
1180,신길로60길,1,1,0,0,1,0,0,0,0,2,0,0,0,0,2
1181,영등포로62길,2,0,0,0,1,0,0,0,0,1,0,0,0,1,2
1182,영신로9길,1,0,0,0,2,0,0,0,0,2,0,0,0,1,2
1183,두텁바위로1길,3,2,0,0,3,1,0,2,0,2,0,0,0,1,3
1184,한강대로104길,3,3,0,0,3,0,0,1,0,3,0,0,0,1,2
1185,한강대로88길,3,1,0,0,2,1,0,0,0,1,0,0,0,1,3
1186,남영역,0,0,0,0,1,0,0,0,0,0,0,0,0,1,1
1187,우사단로10길,3,2,0,0,3,2,0,1,0,0,0,0,0,0,2
1188,우사단로4길,2,0,0,0,1,2,0,0,0,0,0,0,0,0,1
1189,장문로45길,2,0,0,0,2,2,0,0,0,0,0,0,0,0,2
1190,보광시장,0,0,0,0,0,0,0,0,0,0,0,0,0,0,0
1191,녹사평대로11길,0,0,0,0,0,0,0,0,0,0,0,0,0,1,1
1192,서빙고로71길,3,0,0,0,0,0,0,0,0,0,0,0,0,1,1
1193,원효로53길,3,3,0,0,3,0,0,2,0,0,0,0,0,1,3
1194,효창원로39길,1,0,0,0,2,0,0,1,0,0,0,0,0,1,3
1195,용문전통시장,0,0,0,0,0,0,0,0,0,0,0,0,0,0,0
1196,소월로20길,2,0,0,0,1,0,0,0,0,0,0,0,0,1,3
1197,서울 용산구 숙대입구역,1,0,0,0,1,0,0,0,0,0,0,0,0,1,1
1198,백범로90길,3,1,0,0,0,2,0,2,0,0,0,0,0,1,3
1199,원효로89길,3,2,0,0,3,2,0,2,0,1,0,0,0,1,3
1200,용산 전자상가_4,0,0,0,0,0,0,0,1,0,0,0,0,0,0,0
1201,용산 전자상가_5,0,1,0,0,0,0,0,1,0,0,0,0,0,0,0
1202,원효로19길,2,2,0,0,2,0,0,2,0,0,0,0,0,1,3
1203,원효로41길,3,2,0,0,2,0,0,2,0,0,0,0,0,1,3
1204,용산 전자상가_3,0,1,0,0,0,0,0,2,0,0,0,0,0,0,1
1205,이촌종합시장,0,0,0,0,0,0,0,0,0,0,0,0,0,0,0
1206,이촌로22길,2,1,0,0,1,0,0,0,0,0,0,0,0,1,1
1207,녹사평대로26길,3,2,0,0,1,2,0,2,0,0,0,0,0,1,2
1208,녹사평대로32길,2,2,0,0,1,0,0,2,0,0,0,0,0,1,1
1209,이태원로27길,3,3,0,0,1,0,0,2,0,0,0,0,0,1,2
1210,용산구청,1,0,0,0,0,0,0,0,0,0,0,0,0,0,0
1211,서울 용산구 이태원역,1,1,0,0,0,0,0,1,0,0,0,0,0,1,1
1212,이태원시장,0,0,0,0,0,0,0,0,0,0,0,0,0,0,0
1213,이태원 관광특구,2,3,0,0,0,0,0,2,0,0,0,0,0,1,1
1214,녹사평대로40나길,2,3,0,0,0,0,0,2,0,0,0,0,0,1,1
1215,녹사평대로46길,1,3,0,0,1,0,0,1,0,0,0,0,0,1,2
1216,회나무로13길,3,2,0,0,1,0,0,0,0,0,0,0,0,1,3
1217,이태원제일시장,0,0,0,0,0,0,0,0,0,0,0,0,0,0,0
1218,청파로47길,3,2,0,0,3,3,0,0,0,1,0,0,0,1,3
1219,청파로47나길,3,1,0,0,3,3,0,0,0,2,0,0,0,1,3
1220,청파로71길,2,1,0,0,3,3,0,1,0,1,0,0,0,1,3
1221,청파로73길,2,1,0,1,2,0,0,1,0,1,0,0,0,1,3
1222,만리시장,0,0,0,0,0,0,0,1,0,0,0,0,0,0,0
1223,한강대로15길,2,2,0,0,2,0,0,1,0,1,0,0,0,1,1
1224,한강대로43길,3,3,0,0,2,0,0,2,0,1,0,0,0,1,1
1225,한강대로52길,3,2,0,0,1,0,0,0,0,1,0,0,0,1,1
1226,한강대로62길,3,1,0,0,1,0,0,0,0,0,0,0,0,1,1
1227,한강대로7길,2,1,0,0,1,0,0,1,0,1,0,0,0,1,1
1228,서울 용산구 신용산역,1,0,0,0,0,0,0,0,0,1,0,0,0,0,0
1229,용산 전자상가_1,0,2,0,0,1,0,0,1,0,0,0,0,0,1,1
1230,용산 전자상가_2,0,1,0,0,0,0,0,1,0,0,0,0,0,0,0
1231,대사관로34길,3,3,1,0,3,0,0,2,0,0,0,0,0,1,2
1232,우사단로14길,3,1,0,0,1,2,0,1,0,0,0,0,0,0,2
1233,이태원로54길,3,2,0,0,1,0,0,1,0,0,0,0,0,1,2
1234,한남대로20길,3,3,1,0,2,0,0,2,0,0,0,0,0,0,1
1235,한남오거리,0,1,0,0,1,0,0,0,0,0,0,0,0,0,0
1236,백범로79길,3,1,0,0,1,3,0,1,0,0,0,0,0,1,3
1237,신흥로20길,3,0,0,0,1,0,0,1,0,0,0,0,0,1,3
1238,후암로28길,3,0,0,0,2,0,0,2,0,0,0,0,0,1,3
1239,후암시장,0,0,0,0,0,0,0,0,0,0,0,0,0,0,0
1240,갈현로41길,1,0,0,0,2,0,0,0,0,0,0,0,0,0,3
1241,연서로29길,1,2,1,0,3,0,0,1,0,0,0,0,0,1,3
1242,통일로87길,1,0,1,0,3,0,0,1,0,0,0,0,0,0,3
1243,서울 은평구 연신내역_2,0,1,1,0,1,0,0,0,0,0,0,0,0,1,1
1244,갈현시장,0,0,0,0,0,0,0,0,0,0,0,0,0,0,0
1245,갈현로33길,1,0,0,0,1,0,0,0,0,0,0,0,0,0,1
1246,연서로17길,1,1,0,1,3,0,0,0,0,0,0,0,0,1,3
1247,연서로21길,1,0,0,1,3,0,0,0,0,0,0,0,0,1,3
1248,연서로27길,1,2,1,1,3,0,0,0,0,0,0,0,0,1,3
1249,서오릉로21길,1,0,0,0,1,0,0,0,0,0,0,0,0,0,3
1250,연서로11길,1,0,0,0,2,0,0,0,0,0,0,0,0,0,2
1251,연서로13길,2,1,0,0,3,0,0,0,0,0,0,0,0,1,3
1252,은평로13길,3,3,0,2,3,0,0,0,0,0,0,0,0,1,2
1253,진흥로12길,3,1,0,2,3,0,0,1,0,0,0,0,0,1,3
1254,서오릉로8길,0,1,0,0,3,0,0,0,0,0,0,0,0,1,3
1255,역말로9길,1,0,0,1,2,0,0,0,0,0,0,0,0,0,3
1256,연서로28길,0,3,1,1,3,0,0,1,0,0,0,0,0,1,3
1257,통일로69길,1,2,0,1,3,0,0,0,0,0,0,0,0,1,2
1258,서울 은평구 불광역_1,0,1,0,1,1,0,0,0,0,0,0,0,0,0,1
1259,서울 은평구 불광역_3,0,0,0,0,1,0,0,0,0,0,0,0,0,0,0
1260,서울 은평구 연신내역_1,0,1,0,0,1,0,0,0,0,0,0,0,0,0,0
1261,대조시장,0,0,0,0,0,0,0,0,0,0,0,0,0,0,0
1262,서울 은평구 불광역_2,0,1,0,1,1,0,0,0,0,0,0,0,0,1,0
1263,연서로33길,1,1,0,0,2,0,0,2,0,0,0,0,0,0,2
1264,연서로34길,1,0,0,0,2,0,0,1,0,0,0,0,0,0,3
1265,연서로41길,2,0,0,0,1,0,0,1,0,0,0,0,0,0,1
1266,통일로78길,2,1,0,0,3,0,0,2,0,0,0,0,0,0,3
1267,통일로92길,1,0,1,0,2,0,0,2,0,0,0,0,0,0,3
1268,서울 은평구 연신내역_3,0,0,0,0,0,0,0,0,0,0,0,0,0,0,0
1269,연서시장,0,0,0,0,0,0,0,1,0,0,0,0,0,0,0
1270,수색로18길,2,1,0,0,1,0,0,0,0,0,0,0,0,1,1
1271,수일시장,0,0,0,0,0,0,0,0,0,0,0,0,0,0,0
1272,갈현로1길,1,0,0,1,3,2,0,0,0,0,0,0,0,0,2
1273,증산로21길,1,0,0,0,3,0,0,0,0,0,0,0,0,1,3
1274,증산로15길,2,0,0,0,0,0,0,0,0,0,0,0,0,1,2
1275,증산로17길,2,0,0,0,2,0,0,0,0,0,0,0,0,1,3
1276,갈현로7길,0,0,0,2,1,2,0,0,0,0,0,0,0,0,2
1277,연서로16길,1,1,0,0,3,0,0,0,0,0,0,0,0,1,3
1278,연서로3길,1,1,0,1,1,2,0,0,0,0,0,0,0,0,2
1279,연서로5길,2,1,0,1,2,2,0,0,0,0,0,0,0,0,2
1280,은평로3길,3,0,0,1,2,2,0,0,0,0,0,0,0,1,2
1281,진흥로1길,3,1,0,2,3,0,0,0,0,0,0,0,0,1,2
1282,은평로10길,3,3,0,1,3,0,0,0,0,0,0,0,0,0,3
1283,은평로20길,1,1,0,0,2,0,0,0,0,0,0,0,0,1,2
1284,은평로8길,1,1,0,1,3,0,0,0,0,0,0,0,0,1,2
1285,응암로34길,1,1,0,1,3,0,0,0,0,0,0,0,0,0,2
1286,녹번시장,0,0,0,0,0,0,0,0,0,0,0,0,0,0,0
1287,신응암시장,0,0,0,0,0,0,0,0,0,0,0,0,0,0,0
1288,가좌로7길,1,1,0,1,2,0,0,2,0,0,0,0,0,0,3
1289,불광천길,2,1,0,0,3,0,0,0,0,0,0,0,0,1,3
1290,응암로12길,2,1,0,1,2,0,0,2,0,0,0,0,0,0,3
1291,응암로13길,1,0,0,1,3,0,0,2,0,0,0,0,0,1,3
1292,응암로14길,1,1,0,0,3,0,0,0,0,0,0,0,0,0,3
1293,응암로22길,2,1,0,1,3,0,0,0,0,0,0,0,0,0,3
1294,대림골목시장,0,0,0,1,1,0,0,2,0,0,0,0,0,0,0
1295,증산로13길,0,0,0,0,1,0,0,0,0,0,0,0,0,1,2
1296,증산로5길,1,0,0,0,1,0,0,2,0,0,0,0,0,1,1
1297,증산로9길,1,0,0,0,1,0,0,1,0,0,0,0,0,1,1
1298,증산서길,1,0,0,0,1,0,0,1,0,0,0,0,0,1,1
1299,증산종합시장,0,0,0,0,0,0,0,1,0,0,0,0,0,0,0
1300,계동길,3,2,0,0,0,2,0,0,0,0,0,0,0,0,3
1301,북촌로11길,3,2,0,0,0,1,0,0,0,0,0,0,0,0,2
1302,서울 종로구 안국역_1,0,1,0,0,0,0,0,0,0,0,0,0,0,0,0
1303,통일로12길,3,1,1,0,2,0,0,0,0,0,0,0,0,1,3
1304,서대문구 서대문역_1,0,0,0,0,2,0,0,0,0,0,0,0,0,0,1
1305,백석동길,1,0,0,0,0,0,0,0,0,0,0,0,0,0,1
1306,자하문로7길,3,1,0,0,2,3,0,0,0,0,0,0,0,0,3
1307,필운대로1길,2,0,0,0,1,3,0,0,0,0,0,0,0,0,3
1308,서울 종로구 광화문역_1,1,3,0,0,0,0,0,0,0,0,0,0,0,0,0
1309,서울 종로구 광화문역_2,3,3,0,0,2,0,0,0,0,0,0,0,0,1,1
1310,서울 종로구 경복궁역_1,0,0,0,0,1,0,0,0,0,0,0,0,0,0,0
1311,서울 종로구 경복궁역_2,0,0,0,0,0,0,0,0,0,0,0,0,0,0,0
1312,북촌로5길,3,1,0,0,0,0,0,0,0,0,0,0,0,0,2
1313,북촌로5나길,3,1,0,1,0,2,0,0,0,0,0,0,0,0,2
1314,삼청로5길,3,1,0,1,0,2,0,0,0,0,0,0,0,0,2
1315,서울 종로구 안국역_2,1,1,0,0,0,0,0,0,0,0,0,0,0,0,0
1316,지봉로8길,3,2,0,1,3,0,0,0,0,2,0,0,0,1,2
1317,난계로27길,3,3,0,2,1,0,0,2,0,3,0,0,0,1,2
1318,숭인동길,3,3,0,2,1,0,0,0,0,2,0,0,0,1,2
1319,종로58가길,3,3,0,0,3,0,0,1,0,2,0,0,0,1,1
1320,종로65길,3,3,0,1,2,0,0,1,0,2,0,0,0,0,1
1321,신설동역,0,0,0,1,0,0,0,0,0,0,0,0,0,0,0
1322,동묘시장,0,0,0,0,0,0,0,0,0,1,0,0,0,0,0
1323,신설종합시장,0,0,0,0,0,0,0,1,0,0,0,0,0,0,0
1324,이화장길,3,2,1,0,3,3,0,0,0,0,0,0,0,1,3
1325,혜화역 대학로_1,0,1,0,0,0,1,0,0,0,0,0,0,0,0,0
1326,돈화문로11가길,3,3,0,0,2,1,0,0,0,3,0,0,0,1,3
1327,율곡로10길,2,3,0,0,1,1,0,0,0,2,0,0,0,1,1
1328,종로24길,1,2,0,0,2,0,0,0,0,2,0,0,0,1,1
1329,종각역 젊음의 거리,0,0,0,0,1,0,0,0,0,3,0,0,0,0,0
1330,종각역,0,1,0,0,0,0,0,0,0,0,0,0,0,0,0
1331,서울 종로구 종로3가역_1,0,0,0,0,1,0,0,0,0,2,0,0,0,0,0
1332,종로구청,2,3,0,0,3,1,0,0,0,2,0,0,0,0,0
1333,서울 종로구 종로5가역_4,0,0,0,0,0,1,0,0,0,1,0,0,0,0,0
1334,인사동,0,3,0,0,1,0,0,0,0,2,0,0,0,1,2
1335,서울 종로구 종로3가역_2,2,1,0,0,1,0,0,0,0,0,0,0,0,1,0
1336,서울 종로구 종로3가역_3,0,0,0,0,0,0,0,0,0,0,0,0,0,0,0
1337,광장시장,0,1,0,0,1,0,0,0,0,0,0,0,0,0,0
1338,종로·청계 관광특구,2,3,0,0,3,0,0,2,0,3,0,0,0,1,3
1339,율곡로16길,3,2,1,0,1,3,0,0,0,1,0,0,0,0,3
1340,서울 종로구 종로5가역_1,0,0,0,0,0,0,0,0,0,0,0,0,0,1,0
1341,동대문시장_2,0,0,0,0,2,0,0,1,0,0,0,0,0,0,0
1342,서울 종로구 종로5가역_2,1,3,0,0,2,0,0,0,0,2,0,0,0,0,0
1343,서울 종로구 종로5가역_3,1,0,0,0,3,0,0,0,0,1,0,0,0,0,1
1344,동대문종합시장,0,2,0,0,0,0,0,2,0,0,0,0,0,0,0
1345,종로신진시장,0,0,0,0,0,0,0,0,0,0,0,0,0,0,0
1346,충신시장,0,0,0,0,0,0,0,0,0,0,0,0,0,0,0
1347,서울 종로구 동대문역_2,1,1,0,0,0,0,0,0,0,3,0,0,0,1,0
1348,동묘앞역,0,0,0,0,1,0,0,0,0,0,0,0,0,0,0
1349,동문시장,0,0,0,0,0,0,0,1,0,0,0,0,0,0,0
1350,창신2길,1,2,0,0,3,1,0,2,0,3,0,0,0,1,1
1351,창신5길,1,2,0,0,3,0,0,0,0,3,0,0,0,0,1
1352,창신길,1,0,0,0,1,1,0,0,0,0,0,0,0,0,0
1353,서울 종로구 동대문역_1,0,0,0,0,0,0,0,0,0,0,0,0,0,0,0
1354,창신골목시장,0,0,0,0,0,0,0,0,0,0,0,0,0,0,0
1355,옥인길,1,1,0,0,1,3,0,0,0,0,0,0,0,0,1
1356,통인시장,0,0,0,0,0,0,0,0,0,0,0,0,0,0,0
1357,평창길,1,1,0,1,0,1,0,0,0,0,0,0,0,0,3
1358,명륜길,1,0,0,0,1,3,0,0,0,0,0,0,0,0,2
1359,성균관로5길,2,3,1,0,2,3,0,0,0,0,0,0,0,0,3
1360,창경궁로35길,2,2,0,0,2,3,0,0,0,0,0,0,0,0,1
1361,혜화역 대학로_2,0,0,0,0,0,0,0,0,0,0,0,0,0,0,0
1362,혜화역 대학로_3,0,1,0,0,2,2,0,0,0,0,0,0,0,1,0
1363,동대문역사문화공원역,0,0,0,0,0,0,0,0,0,2,0,0,0,0,0
1364,동대문시장_1,0,1,1,0,1,0,0,0,0,0,0,0,0,0,0
1365,신중부시장,0,1,0,0,0,0,0,1,0,1,0,0,0,0,0
1366,인현시장,0,0,0,0,0,0,0,0,0,0,0,0,0,0,0
1367,평화시장,0,1,0,0,0,0,0,0,0,0,0,0,0,0,0
1368,동대문패션타운 관광특구,1,3,1,1,3,0,0,2,0,1,0,0,0,1,2
1369,동호로11길,2,2,0,1,3,0,0,0,0,0,0,0,0,1,1
1370,동호로15길,3,2,0,1,3,0,0,0,0,0,0,0,0,1,1
1371,청구로17길,3,1,0,1,2,0,0,0,0,1,0,0,0,1,1
1372,서울 중구 약수역_2,0,1,0,0,1,0,0,0,0,0,0,0,0,0,0
1373,다산로36길,2,0,0,0,1,0,0,0,0,0,0,0,0,0,1
1374,다산로38길,3,2,0,1,3,0,0,0,0,1,0,0,0,1,1
1375,명동길,3,3,0,0,3,2,1,0,0,3,0,0,0,1,3
1376,퇴계로18길,3,3,0,0,1,3,0,0,0,3,0,0,0,1,2
1377,서울 중구 명동역,1,0,0,0,0,2,0,0,0,2,0,0,0,0,0
1378,명동거리,2,3,0,0,3,1,0,0,0,3,0,0,0,1,1
1379,서울시청,0,3,0,0,2,0,0,0,0,0,0,0,0,0,1
1380,시청역_1,0,3,0,0,1,0,0,0,0,0,0,0,0,0,1
1381,북창동,1,1,0,0,0,0,0,0,0,2,0,0,0,0,1
1382,롯데백화점,0,2,0,0,0,0,1,0,0,0,0,0,0,0,0
1383,시청역_2,2,2,0,0,0,0,0,0,0,1,0,0,0,1,1
1384,명동 남대문 북창동 다동 무교동 관광특구,3,3,0,0,3,1,1,2,0,3,0,0,0,1,3
1385,퇴계로90길,3,2,0,0,3,0,0,0,0,3,0,0,0,1,2
1386,서울 중구 신당역_1,0,0,0,0,1,0,0,0,0,0,0,0,0,0,0
1387,백학시장,0,0,0,0,0,0,0,0,0,0,0,0,0,0,0
1388,다산로33길,3,3,0,0,3,1,0,0,0,3,0,0,0,1,1
1389,다산로39길,3,2,0,1,3,0,0,0,0,3,0,0,0,1,1
1390,서울 중구 신당역_2,0,0,0,0,0,0,0,0,0,0,0,0,0,0,0
1391,남평화시장,0,0,0,0,0,0,0,1,0,0,0,0,0,0,0
1392,동평화시장,0,0,0,0,0,0,0,0,0,0,0,0,0,0,0
1393,제일평화시장,0,0,0,0,0,0,0,1,0,0,0,0,0,0,0
1394,청평화시장,0,0,0,0,0,0,0,0,0,0,0,0,0,0,0
1395,동호로8길,3,2,0,1,3,0,0,0,0,0,0,0,0,1,1
1396,서울 중구 약수역_1,0,0,0,0,0,0,0,0,0,0,0,0,0,1,0
1397,약수시장,0,1,0,0,1,0,0,0,0,0,0,0,0,0,0
1398,삼일대로4길,3,3,0,0,2,0,0,0,0,3,0,0,0,1,2
1399,서울 중구 을지로3가역_1,1,1,0,0,1,0,0,0,0,0,0,0,0,1,0
1400,서울 중구 을지로3가역_2,0,1,0,0,0,0,0,0,0,2,0,0,0,0,0
1401,방산종합시장,0,1,0,0,0,0,0,1,0,1,0,0,0,0,0
1402,동호로20길,3,2,0,1,2,1,0,0,0,3,0,0,0,1,1
1403,장충단로8길,2,1,0,0,1,1,0,0,0,3,0,0,0,1,1
1404,퇴계로46길,3,3,1,0,2,3,0,0,0,3,0,0,0,0,1
1405,퇴계로56길,3,3,0,0,1,3,0,0,0,3,0,0,0,1,1
1406,장충동 족발거리,0,0,0,0,0,0,0,0,0,0,0,0,0,1,0
1407,합동(새벽)시장,0,0,0,0,0,0,0,0,0,0,0,0,0,0,0
1408,동호로10길,2,2,0,1,3,0,0,0,0,1,0,0,0,1,1
1409,청구로1길,2,1,0,0,1,0,0,0,0,1,0,0,0,1,1
1410,서울 중구 충무로역_1,0,1,0,0,1,1,0,0,0,0,0,0,0,1,0
1411,서울 중구 충무로역_2,0,3,0,0,1,0,0,0,0,1,0,0,0,0,0
1412,난계로11길,3,2,0,0,3,0,0,0,0,3,0,0,0,0,1
1413,난계로21길,1,1,0,0,2,0,0,0,0,3,0,0,0,0,1
1414,서울중앙시장,0,1,0,0,0,0,0,0,0,1,0,0,0,0,0
1415,퇴계로12길,3,2,0,0,1,2,0,1,0,3,0,0,0,1,2
1416,퇴계로8길,3,3,0,0,2,2,0,2,0,2,0,0,0,1,2
1417,남대문시장,0,3,0,0,2,0,0,2,0,1,0,0,0,0,1
1418,용마산로100길,0,0,0,0,2,3,0,2,0,0,0,0,0,0,2
1419,유영시장,0,0,0,0,0,0,0,1,0,0,0,0,0,0,0
1420,망우로68길,2,1,0,2,3,0,0,2,0,0,0,0,0,0,2
1421,망우로73길,3,0,0,2,1,0,0,1,0,1,0,0,0,0,1
1422,용마산로112길,3,0,0,2,2,0,0,2,0,1,0,0,0,0,1
1423,용마산로118길,3,0,1,2,3,0,0,2,0,1,0,0,0,0,2
1424,우림골목시장,0,1,0,0,2,0,0,1,0,0,0,0,0,0,0
1425,동일로100길,2,2,0,2,3,0,0,2,0,1,0,0,0,1,3
1426,동일로101길,1,0,0,1,3,0,0,2,0,0,0,0,0,0,3
1427,중랑천로10길,2,0,0,1,3,0,0,1,0,1,0,0,0,0,2
1428,면목로45길,2,1,1,1,3,0,0,1,0,1,0,0,0,1,2
1429,면목로48길,1,1,1,0,3,0,0,1,0,1,0,0,0,1,2
1430,면목로49길,2,1,1,1,3,0,0,0,0,1,0,0,0,1,2
1431,용마산로94길,1,0,0,0,1,3,0,2,0,0,0,0,0,0,3
1432,사가정시장,0,0,0,0,0,0,0,0,0,0,0,0,0,0,0
1433,답십리로75길,1,0,0,0,1,0,0,1,0,0,0,0,0,1,1
1434,면목로21길,1,0,0,0,1,0,0,1,0,0,0,0,0,1,2
1435,면목로33길,2,0,0,0,1,0,0,0,0,0,0,0,0,1,1
1436,사가정로42길,1,0,0,0,1,0,0,1,0,0,0,0,0,0,1
1437,사가정로54길,1,1,0,1,3,0,0,1,0,1,0,0,0,1,2
1438,면목골목시장,0,0,0,0,0,0,0,0,0,0,0,0,0,0,0
1439,겸재로29길,2,1,0,1,3,0,0,2,0,1,0,0,0,1,2
1440,겸재로36길,1,0,0,0,3,0,0,2,0,0,0,0,0,1,2
1441,겸재로54길,2,0,0,0,3,1,0,2,0,0,0,0,0,1,3
1442,면목로55길,1,0,1,0,2,0,0,2,0,0,0,0,0,0,1
1443,면목로56길,3,0,1,0,2,0,0,2,0,0,0,0,0,0,1
1444,면목로78길,0,1,0,1,3,0,0,2,0,1,0,0,0,1,3
1445,동원시장,0,0,0,0,2,0,0,2,0,0,0,0,0,0,0
1446,공릉로12가길,0,0,0,1,1,0,0,0,0,0,0,0,0,1,2
1447,공릉로2길,2,1,0,1,3,0,0,0,0,0,0,0,0,1,2
1448,묵1동도깨비시장,0,0,0,0,0,0,0,0,0,0,0,0,0,0,0
1449,동일로149길,1,1,0,0,1,0,0,1,0,0,0,0,0,0,1
1450,동일로157길,2,2,0,1,3,0,0,1,0,0,0,0,0,1,3
1451,동일로163길,2,1,0,1,3,0,0,0,0,0,0,0,0,1,2
1452,중화제일시장,0,0,0,0,0,0,0,0,0,0,0,0,0,0,0
1453,신내로7가길,0,0,0,0,1,0,0,0,0,0,0,0,0,1,1
1454,동일로112길,2,2,0,2,3,0,0,2,0,2,0,0,0,1,2
1455,봉우재로33길,0,2,0,1,2,0,0,2,0,1,0,0,1,1,1
1456,동부골목시장,0,0,0,0,1,0,0,1,0,0,0,0,0,0,0
1457,봉화산로56길,2,1,0,0,3,0,0,0,0,0,0,0,0,0,2
1458,동일로130길,1,1,0,1,3,0,0,0,0,0,0,0,0,0,2
1459,동일로140길,2,2,0,1,3,0,0,1,0,0,0,0,0,1,2
1460,봉화산로30길,1,1,0,1,2,0,0,0,0,0,0,0,0,1,1
1461,동일로123길,2,1,0,1,3,0,0,1,0,1,0,0,0,1,3
1462,동일로139가길,2,2,0,0,3,0,0,1,0,0,0,0,0,1,3
1463,동일로139길,2,2,0,0,2,0,0,1,0,0,0,0,0,1,2
1464,봉화산로4길,2,1,0,0,3,0,0,1,0,0,0,0,0,1,3
1465,태능시장,0,0,0,0,0,0,0,0,0,0,0,0,0,0,0
